sim2sim_base_euler_roll,sim2sim_base_euler_pitch,sim2sim_base_euler_yaw,sim2sim_dof_pos_0,sim2sim_dof_pos_1,sim2sim_dof_pos_2,sim2sim_dof_pos_3,sim2sim_dof_pos_4,sim2sim_dof_pos_5,sim2sim_dof_pos_6,sim2sim_dof_pos_7,sim2sim_dof_pos_8,sim2sim_dof_pos_9,sim2sim_dof_pos_10,sim2sim_dof_pos_11,sim2sim_target_dof_pos_0,sim2sim_target_dof_pos_1,sim2sim_target_dof_pos_2,sim2sim_target_dof_pos_3,sim2sim_target_dof_pos_4,sim2sim_target_dof_pos_5,sim2sim_target_dof_pos_6,sim2sim_target_dof_pos_7,sim2sim_target_dof_pos_8,sim2sim_target_dof_pos_9,sim2sim_target_dof_pos_10,sim2sim_target_dof_pos_11
-1.967283559882326e-05,0.0013089874472836654,0.0004212992369926547,1.92401807066383e-21,3.8174704820590875e-22,6.69150667464187e-21,4.100979070236465e-20,-7.032082979514087e-20,-1.3808884113012468e-19,-2.6499822193597153e-20,-1.955086268211538e-20,8.30558405262149e-21,8.364008331118709e-20,-7.032082979514087e-20,2.5270966353793044e-19,-0.06848941743373871,0.056531500071287155,-0.06602940708398819,-0.15640570223331451,0.07282394915819168,0.18319246172904968,0.06418780237436295,-0.04798064008355141,0.00013105187099426985,-0.06117469444870949,-0.17047972977161407,-0.0024645638186484575
-0.0010167712021022812,0.010485044479224015,0.0295819360521934,0.006827320328227847,-0.005315553049086153,-0.04336155022978232,-0.05929118991914031,0.04140734778627745,0.0012833929085794733,0.012949743728034197,-0.006936487264505675,-0.030438495809248303,-0.01409948907631583,-0.054098498780876525,0.0005013655441604933,0.1093040332198143,0.06999388337135315,-0.02314073033630848,-0.07581645995378494,0.0861378088593483,0.14138418436050415,-0.010828572325408459,-0.027532819658517838,-0.010735909454524517,0.17362363636493683,-0.1921108365058899,-0.03722177818417549
0.011734119990051637,-0.008733035363358262,0.022727891917769794,0.05340809293015845,-0.015613630752524322,-0.03252972432271706,-0.08875638725423109,0.04471126588733922,0.0006687791206343894,-0.007572690319600524,-0.017902931117987707,-0.014096138020481251,0.11471615285590145,-0.14328247150288365,-0.0103671533234784,0.004863016307353973,0.08524622768163681,-0.04600006341934204,-0.1843850463628769,0.08900647610425949,0.18367840349674225,0.003922310657799244,-0.03416259586811066,-0.0268306415528059,0.22749914228916168,-0.1832640916109085,-0.023086268454790115
0.01915539468192839,-0.015372949011349335,0.026253948150601277,0.06917985493160846,-0.02230328804762074,-0.03575817687891988,-0.10148929239657789,0.046548279708234414,-0.0004767182628270203,-0.018690190089303647,-0.028356168614490578,-0.026753581545078897,0.19261753044186486,-0.16563078917008567,-0.01393016639271055,0.17724008858203888,0.08410517126321793,-0.042759090662002563,-0.0896582081913948,0.12118188291788101,0.20970292389392853,-0.054051678627729416,-0.01897634193301201,-0.026568623259663582,0.26126042008399963,-0.21936260163784027,-0.029566431418061256
0.027324078946333864,-0.02569039644830966,0.019435830737812833,0.09993244726319758,-0.022769852624276374,-0.02769070217230188,-0.11529104403386048,0.04254668370373253,-0.001954344977090097,-0.013543746571670437,-0.026777419001847567,-0.020809965104768513,0.2487035723245719,-0.19305441666596992,-0.019161437971849566,0.08513807505369186,0.06273949146270752,-0.025704240426421165,-0.16350539028644562,0.11652571707963943,0.11130918562412262,-0.054318953305482864,-0.008975054137408733,-0.068295419216156,0.27329057455062866,-0.16746824979782104,-0.014421842992305756
0.0333590428133534,-0.01743142097194903,0.009824131799133993,0.09907462407202969,-0.016312568586915217,-0.019121249629964948,-0.12742454137728626,0.04414297965813546,-0.01605256870868569,-0.033973436259664355,-0.02672928494666597,-0.05211138525858568,0.2715410092612621,-0.17142571253117656,-0.018675227941463996,0.17595639824867249,0.0836225226521492,-0.03452382981777191,-0.1485784947872162,0.12192947417497635,0.17615053057670593,-0.07505953311920166,0.0006823884323239326,-0.056101396679878235,0.3120966851711273,-0.2027823030948639,-0.0592133067548275
0.04684491286283251,-0.01400934773661864,-0.007522050958400987,0.11994718112579072,-0.01372603542006539,-0.0028115992013156422,-0.15331683314762296,0.047040320065923596,-0.024610389045220556,-0.04540996996302632,-0.016656160372148655,-0.052969635919138926,0.2945544667696269,-0.1847861194200491,-0.03098730566693821,0.12103065848350525,0.07326561212539673,0.01362653449177742,-0.15855970978736877,0.1386616826057434,0.08681132644414902,-0.11766894161701202,-0.009831835515797138,-0.09081003814935684,0.27609020471572876,-0.10870565474033356,-0.012021200731396675
0.056292607466205825,0.0052390046847333276,-0.020779107107993015,0.10759834286977682,-0.004681022698664875,0.011077737207974031,-0.16147064385153992,0.04817759241147431,-0.04592522752058899,-0.07853224905259101,-0.007827619633600992,-0.08061615991376116,0.29173732190616114,-0.13142140643514183,-0.025564086853889324,0.1486433446407318,0.06919208914041519,-0.021792693063616753,-0.19018064439296722,0.10647635906934738,0.09379057586193085,-0.07054847478866577,0.01497314590960741,-0.06741882860660553,0.24898791313171387,-0.14944131672382355,-0.031196655705571175
0.07614939041890559,0.00786701346748889,-0.028313335354380853,0.12092954393886209,-0.005991342399172206,0.0174848870877539,-0.18019440431682537,0.05227407142588164,-0.06276187082742624,-0.06613969284954921,0.004229938980594002,-0.07429601240720521,0.24788849112854416,-0.13727541690465775,-0.027061436137265308,0.14478909969329834,0.06404286623001099,0.027156371623277664,-0.17814987897872925,0.11073901504278183,0.06579224765300751,-0.10163498669862747,0.0028547337278723717,-0.0808456763625145,0.16625036299228668,-0.07082195580005646,-0.0127317626029253
0.09335273835249148,0.02032630908008908,-0.035022568984963025,0.11376135039093065,-0.0017805181732547899,0.02520277762027688,-0.18568166768149652,0.052587293303192784,-0.07780908863137617,-0.06195500353002243,0.01974905443291103,-0.06934942521645643,0.20775515879669632,-0.14624391210203663,-0.06148637963772965,0.09435590356588364,0.022339850664138794,0.030097583308815956,-0.23997965455055237,-0.0045400820672512054,-0.03403756767511368,0.006507747806608677,-0.044546548277139664,-0.019876891747117043,0.04091309756040573,0.0113673135638237,-0.07511657476425171
0.0966426599362101,0.038329619383876724,-0.04847984153274615,0.11481147913066102,0.012968260952502544,0.04094527144085616,-0.20645226726111487,0.04121512824054106,-0.07897589432801574,-0.02766057413715749,0.048537815115326205,-0.05373785941522264,0.10358967148797597,-0.12453893470267934,-0.11877659761468193,0.04420067369937897,0.02829594910144806,0.0486256405711174,-0.12006273865699768,-0.07667160034179688,0.013721469789743423,0.05163058266043663,-0.0726538598537445,0.0014013437321409583,-0.05714661255478859,-0.027533626183867455,-0.10761996358633041
0.09103239923819226,0.05024098262014388,-0.045097600891271454,0.08080707148588141,0.02366538537807659,0.04647310250824668,-0.1430752733582317,-0.02720983872027619,-0.05180097789356848,0.005871779411529122,0.06842893470027314,-0.05745216496960837,0.016693054460465775,-0.0816085624169899,-0.1580599255224204,-0.015368552878499031,0.037972498685121536,0.04344026744365692,0.0071204667910933495,-0.11347777396440506,0.001373032107949257,0.03369031846523285,-0.06685274094343185,-0.0009442107984796166,-0.09920860826969147,0.015982137992978096,-0.11425858736038208
0.09320700091171918,0.06628251951237044,-0.046758622559503846,0.01657900864512767,0.01808721293217178,0.04901494815516956,-0.032911870320566194,-0.07835138242237978,-0.036829527445045106,0.018719344794068813,0.06990152178540587,-0.05274296705588753,-0.04297527503965799,-0.05076585266996618,-0.16539934641129833,-0.08454224467277527,0.016931375488638878,0.05720357596874237,0.036746129393577576,-0.16003918647766113,0.007029132917523384,0.09637856483459473,-0.0483836866915226,0.017270395532250404,-0.12784640491008759,0.0049398597329854965,-0.1365261822938919
0.09634488079720883,0.077623917816731,-0.05661960310593635,-0.019555116191105493,0.004693276284937328,0.05701257203883553,0.03484810522430478,-0.1237447973395151,-0.024339841314621562,0.038314153006457366,0.06426237741643659,-0.037414224889258496,-0.09766744210136524,-0.02414899094154072,-0.16210053185168471,-0.11973720043897629,0.022820455953478813,0.10192468017339706,0.11286179721355438,-0.13111084699630737,0.02397107519209385,0.08080968260765076,-0.0518704354763031,0.011925053782761097,-0.14164304733276367,0.05338609963655472,-0.11356783658266068
0.10113203133029189,0.09430760347734815,-0.0674323760978646,-0.0713915558792803,-0.003075462316972457,0.09575144137412203,0.10100705606962276,-0.12544906986279306,-0.011104455427844065,0.04162911383887733,0.05366985267469756,-0.021868852415013514,-0.13369383929450593,-0.0055426339310950335,-0.15329087572548694,-0.1399710476398468,0.008927575312554836,0.1148768737912178,0.1497533917427063,-0.19056406617164612,0.030169444158673286,0.11437447369098663,-0.07779631018638611,0.045861098915338516,-0.14449332654476166,0.04156678169965744,-0.08904454112052917
0.10473595117150974,0.09247710135632756,-0.085313904306733,-0.09264075971588237,-0.014513975273684608,0.11658355909390179,0.14525360285119257,-0.160408100445521,0.00011744613588555948,0.0571067805052005,0.04068375791919612,-0.0022945576745487415,-0.14802325457837184,-0.002621521008027549,-0.14196044416249376,-0.20353439450263977,0.0076184021309018135,0.13636814057826996,0.24158357083797455,-0.16808781027793884,0.057796135544776917,0.10094140470027924,-0.0483427532017231,0.021610422059893608,-0.08611270785331726,0.04260772466659546,-0.05169123038649559
0.10362697500174273,0.09239272969260413,-0.09345168423579153,-0.14793307127715885,-0.016289229400833098,0.13475352581521508,0.22888761822641276,-0.16279359164975715,0.016123321896593712,0.05122007597651635,0.030685917478675707,0.0062654865856607775,-0.12185550238746044,-0.02046457027397972,-0.1297841950127776,-0.17684942483901978,-0.0016687018796801567,0.12367846816778183,0.22016437351703644,-0.1722368597984314,0.03110438771545887,0.10971879959106445,-0.0703987330198288,0.054095298051834106,-0.06083383038640022,0.021038949489593506,0.0063102226704359055
0.103250546189518,0.07110054343312053,-0.11108329552061709,-0.14449915646354597,-0.026085598248558446,0.13386005859178324,0.23269709809413947,-0.16363815946037102,0.01939794438936372,0.06579426223996145,0.018586263297283804,0.02263217899901533,-0.08593590322884001,-0.04715801158850329,-0.11371636029276241,-0.1950151026248932,-0.011566380970180035,0.1408100724220276,0.25221556425094604,-0.15350928902626038,0.08074469864368439,0.09824042022228241,-0.06066397577524185,0.039535682648420334,-0.028191134333610535,0.02962404675781727,0.007572432979941368
0.0874772723554312,0.056525768723444135,-0.12475222510547364,-0.16530048101917708,-0.018585581304082624,0.1369869069742719,0.24867068362073091,-0.1523560422284876,0.03722717957415851,0.06991008589736801,0.018679031216584114,0.03382926521053778,-0.05138161961222036,-0.07037792911435532,-0.09754779396573204,-0.16660931706428528,-0.016159463673830032,0.12215453386306763,0.21610820293426514,-0.13105016946792603,0.05902957171201706,0.08748215436935425,-0.06088985130190849,0.04744422063231468,-0.036583203822374344,0.014496341347694397,0.05177861079573631
0.06826169618868139,0.04046088225807794,-0.1374762326194108,-0.16529402292031325,-0.015868746605194686,0.12527692589860223,0.21799603165188658,-0.13342122309636237,0.04339545615660339,0.08395554806200449,0.02014374882092664,0.04421792395191266,-0.033163122236862554,-0.08686377621283624,-0.07746103738355173,-0.15239311754703522,-0.003911901265382767,0.11732767522335052,0.16451652348041534,-0.08816742151975632,0.0854545310139656,0.07060923427343369,-0.06231112405657768,0.027385210618376732,-0.06326527893543243,0.003485521301627159,0.04047215357422829
0.03682327462687589,0.03615999072221235,-0.14326790026993724,-0.16924623154121737,-0.006765497702020799,0.11616279327909364,0.16355654196121397,-0.09918378076474448,0.055603548629058024,0.0944981515342545,0.026860504477674588,0.04819599140932308,-0.0366647710856992,-0.09161835641048206,-0.053961789008123456,-0.12541702389717102,-0.011741402558982372,0.11884446442127228,0.06110730022192001,-0.06630668044090271,0.07153017818927765,0.07328261435031891,-0.046730924397706985,0.02018793299794197,-0.08361797034740448,-0.015818549320101738,0.024179866537451744
0.009859079831296146,0.038517161379059466,-0.14411021356990464,-0.16009540961119645,-0.003787825121480092,0.11542583992646517,0.1011347176971622,-0.03406600555094129,0.055991018473160646,0.10698007819253252,0.02595166020775665,0.048592950825136934,-0.04940924053360228,-0.09396976472668592,-0.026241754672979782,-0.08955380320549011,0.04493081569671631,0.09114613384008408,-0.027104727923870087,-0.023722052574157715,0.10465549677610397,0.03839348629117012,-0.035726290196180344,-0.029098832979798317,-0.11827535927295685,-0.054298289120197296,0.0368192195892334
-0.005819200791673753,0.04909532879419974,-0.14208546562993668,-0.15031286076095882,-0.01976108076176289,0.11904742236061079,0.05720704296892284,0.03730623882869196,0.06493729636397355,0.11550542713865376,0.004903488193706681,0.039217513797482006,-0.07490170503643453,-0.09148974818051975,0.0023075917975297826,-0.012368548661470413,0.09265989810228348,0.05939590185880661,-0.10290413349866867,0.012875571846961975,0.08749138563871384,0.025965526700019836,-0.008983631618320942,-0.053722307085990906,-0.08910277485847473,-0.11164455115795135,0.0397132970392704
-0.004571918741857866,0.05739232974556844,-0.15903657041810793,-0.106096046904212,-0.046923457011594484,0.14399672550091916,-0.006758843562528252,0.04427028164238129,0.09054934843581869,0.10207094750005563,-0.03409789932881573,-0.02384380558324724,-0.07274820972625064,-0.09090029838188884,0.010905549958617526,-0.0034382138401269913,0.08944884687662125,0.05966302752494812,-0.1629132181406021,0.013980114832520485,0.09662304818630219,0.0028400467708706856,-0.03162933886051178,-0.09725063294172287,0.014629398472607136,-0.15709294378757477,0.01690726913511753
-0.01565289849813961,0.062114667955723846,-0.18292847151809297,-0.05816204800411985,-0.05004210388757329,0.16223772512174536,-0.07021892961090616,0.05242777290677429,0.10460303697185735,0.05552285457652658,-0.03944737755916784,-0.08203444812104238,-0.008883905440638848,-0.1241018702701593,0.011267534549260352,0.07962067425251007,0.06642801314592361,0.07165427505970001,-0.1505650132894516,0.045019108802080154,0.09311026334762573,-0.1195848286151886,-0.047678202390670776,-0.12659205496311188,0.09286027401685715,-0.1757635474205017,0.01345660351216793
-0.03387987321752671,0.06685870426852863,-0.19682079300993469,-0.01858826465398133,-0.0428050904060903,0.16915355304541477,-0.12185208617002312,0.057536133927754314,0.10986960597823665,-0.014368298089874387,-0.029726091013925593,-0.1213498171799991,0.08920177956521427,-0.1503636028216604,0.011828586114976511,0.08441563695669174,0.05595781281590462,0.07922641187906265,-0.15951666235923767,0.04787258058786392,0.07013076543807983,-0.15173441171646118,-0.04529394581913948,-0.15663062036037445,0.16341368854045868,-0.18794521689414978,0.011123167350888252
-0.0517160541203805,0.0681962526626891,-0.19057949869048346,0.010481410957668108,-0.03276087274571242,0.15815118399531147,-0.14660887321134566,0.05312233302349217,0.11192141688193666,-0.07221525399201127,-0.01796213546566073,-0.1569055685321334,0.1630754403330399,-0.16955450826502236,0.012259970698080139,0.10539662837982178,0.07177291810512543,0.07518434524536133,-0.16059616208076477,0.0526791512966156,0.05830781161785126,-0.18729227781295776,-0.03411885350942612,-0.17705337703227997,0.21999530494213104,-0.19101271033287048,0.006605254486203194
-0.06811976806413035,0.061706057134367935,-0.17516088464773918,0.03845087207517375,-0.025021781707715646,0.13772205064038764,-0.1542833720646677,0.04097913087464898,0.11163955851193948,-0.119816855635961,-0.010390322697515879,-0.1785171356281846,0.2191204908050241,-0.17824198760494636,0.011115757781162057,0.12306737899780273,0.07088769227266312,0.0743286982178688,-0.15001080930233002,0.04833298176527023,0.032993435859680176,-0.2206355333328247,-0.0263342447578907,-0.18687431514263153,0.27201640605926514,-0.1744886040687561,-0.0010271130595356226
-0.07404421839646384,0.04911287741818851,-0.1534632737009815,0.06788437833493009,-0.019445452987670447,0.1165091023769585,-0.14949701789298508,0.02141203746005498,0.10853891255365897,-0.16544704644727404,-0.008127487842689065,-0.1884357731718513,0.267597374801541,-0.1708107870836289,0.007909372956811517,0.1223648190498352,0.07114458829164505,0.06653743982315063,-0.1260673850774765,0.044986844062805176,0.021617772057652473,-0.22803084552288055,-0.020555712282657623,-0.1763008087873459,0.2989356815814972,-0.1656404435634613,-0.007826823741197586
-0.077598550645658,0.03178892087104951,-0.12915165987820085,0.09377408879828146,-0.014178004584209473,0.091006689966565,-0.12834770837269027,-0.0062169274532834365,0.10278374172727757,-0.1993097980795884,-0.005297391725496024,-0.18346509045436935,0.29268627623232346,-0.16262287988437912,0.003843238945501408,0.12183690071105957,0.06295284628868103,0.07209114730358124,-0.09499431401491165,0.033523738384246826,-0.011580860242247581,-0.2295600324869156,-0.011712727136909962,-0.16285854578018188,0.30437910556793213,-0.14543674886226654,-0.005446041002869606
-0.07510631335086226,0.01579855533519302,-0.10396577954060417,0.11631148496479138,-0.011450577418372672,0.06679270711782807,-0.0983960252513296,-0.038399380801634304,0.09368708255843985,-0.22405167925781097,-0.004493737863263814,-0.16775631698756435,0.2957541272539272,-0.1475036105547315,0.0013033606115482271,0.11713409423828125,0.05589481443166733,0.055749669671058655,-0.0917198434472084,0.021747738122940063,-0.025212345644831657,-0.20236259698867798,0.009721755050122738,-0.14871229231357574,0.2981438636779785,-0.13727343082427979,-0.01674065925180912
-0.06564218705700896,-0.004041668225190589,-0.07725928146010891,0.1431390330171329,-0.012247549650813089,0.04201304089920245,-0.07422435547932751,-0.06784803343879746,0.08153770298996471,-0.23079810296420408,-0.00500552960278857,-0.14929102259736737,0.2767630205533419,-0.1374367427439305,-0.004422975494572834,0.10433321446180344,0.0489770770072937,0.068921759724617,-0.09918546676635742,0.01882355660200119,-0.04683302342891693,-0.16354186832904816,0.013744021765887737,-0.13254952430725098,0.2607400417327881,-0.08008333295583725,-0.02804538793861866
-0.04953181507018711,-0.013531932661170903,-0.055354517134644295,0.16851161457907177,-0.014695464367490559,0.020967127706848186,-0.06479539116352429,-0.08882680817196478,0.06535799682305891,-0.22684055256989732,-0.0036663841095688795,-0.13093742402468306,0.23453479345535447,-0.09857546015184021,-0.011782717754197973,0.09980511665344238,0.05014726519584656,0.06308004260063171,-0.12606081366539001,-0.01383635401725769,-0.0381021574139595,-0.1259102076292038,0.01606849953532219,-0.10896553844213486,0.17911532521247864,-0.039086200296878815,-0.04727239906787872
-0.02876034942605237,-0.01452443066529427,-0.04086442812681688,0.1871970172354077,-0.0177652452157102,0.005996657451590047,-0.07044001533018736,-0.10305391097512737,0.04541003111346675,-0.20861760631367612,0.0015723611580949475,-0.11003407145787923,0.15786442716186355,-0.05714044890483513,-0.022335040931743936,0.1083298772573471,0.0373246930539608,0.06988805532455444,-0.14286719262599945,-0.048865120857954025,-0.02869131974875927,-0.08412931859493256,0.013023699633777142,-0.08323651552200317,0.08904805034399033,-0.007089740596711636,-0.07302311062812805
-0.007990810264265326,-0.0065664909741018004,-0.0382353696971078,0.20832792128368546,-0.013530934412879954,0.003826883949499708,-0.0870901122782163,-0.11492612964151983,0.020153542142203076,-0.1901036183580311,0.008880468975855465,-0.10491362088482437,0.10796818929110132,0.02255408025372209,-0.04480206943804446,0.09498089551925659,0.01165990624576807,0.07901252061128616,-0.15496079623699188,-0.06645835191011429,-0.00918450765311718,-0.05558108165860176,0.0012224381789565086,-0.05953020229935646,-0.025028500705957413,0.023213891312479973,-0.11149302870035172
-0.003384259382146104,0.0104174177949861,-0.03656266854078688,0.2134123515230126,0.007324708954239206,0.015588387067090662,-0.10364783243341201,-0.11747669976883109,-0.003886980377946685,-0.16340537132066799,0.030120806690966433,-0.11466914300616668,0.04637701145772,0.0958372424081682,-0.0686535610522249,0.06463409215211868,-0.0035786116495728493,0.08324410766363144,-0.10370372980833054,-0.11869710683822632,0.01967109926044941,0.010902700014412403,-0.039387818425893784,-0.004391437862068415,-0.10992836952209473,0.061251528561115265,-0.15015307068824768
-0.01062233639877061,0.030751157290319138,-0.031834575910710386,0.18211928918728576,0.032244641220181225,0.057048103762349124,-0.08075276434148386,-0.10984545104113715,0.004833693449977186,-0.11940659145582769,0.05827914522642133,-0.12592952618290076,-0.029667014134232228,0.1087057360901942,-0.08540467200716043,-0.016699330881237984,0.004011557437479496,0.0984499529004097,0.0006360756233334541,-0.166297048330307,0.012233005836606026,0.04030478373169899,-0.06678382307291031,0.0008827274432405829,-0.13655562698841095,0.09296595305204391,-0.185124933719635
-0.002641536259813459,0.05092049826225557,-0.02572825016708175,0.10449483673089223,0.02227603509016879,0.08841797860829939,0.000886052080644564,-0.1325436254157738,0.008328048696952183,-0.08138052878074718,0.06158454793737055,-0.1266948311631836,-0.09488381415013251,0.11556885149899561,-0.09207313589733565,-0.08099755644798279,0.009179162792861462,0.10287723690271378,0.1300511509180069,-0.17866992950439453,0.04612454026937485,0.0648074820637703,-0.06975187361240387,-0.009573805145919323,-0.15169326961040497,0.10333594679832458,-0.15642879903316498
0.014578872716830964,0.055091931566444464,-0.028876270288938743,0.01863797540619932,-0.006871951452827889,0.10667727969623228,0.11326166014993551,-0.15516880054849894,0.018846884991434627,-0.03887146474208934,0.05026846606934469,-0.11506475381822817,-0.13702826415068367,0.1127288213137009,-0.09068693030716642,-0.13020069897174835,0.0004533855535555631,0.1255451738834381,0.18176491558551788,-0.15298816561698914,0.05194873362779617,0.06307440996170044,-0.07434543967247009,-0.022429054602980614,-0.14915983378887177,0.10767584294080734,-0.11868320405483246
0.03553296983175579,0.05091852232404021,-0.04769778262033243,-0.05095111904087482,-0.03662232049002385,0.13162797917719926,0.18571911338707497,-0.1477833770609955,0.026960427016324656,-0.006745498748450195,0.03269684366395602,-0.08833000011087659,-0.14912659367471623,0.09832538552360622,-0.0852755545489856,-0.15615136921405792,-0.010006104595959187,0.1421492099761963,0.2505528926849365,-0.156097412109375,0.06710699200630188,0.0678984746336937,-0.08769866824150085,-0.009389708749949932,-0.14338351786136627,0.09832579642534256,-0.088059201836586
0.048274075221108284,0.042748155748176454,-0.0759895494745476,-0.1110959966663709,-0.04882264486976295,0.15082467277161135,0.2402631181119426,-0.147877438836811,0.036936264558203515,0.02267333607857014,0.021867995453139357,-0.05736528859120571,-0.14342400377707235,0.07531578838047963,-0.07837590591358003,-0.18739652633666992,-0.020470328629016876,0.14820419251918793,0.28703773021698,-0.136953666806221,0.06529426574707031,0.07054485380649567,-0.08267297595739365,-0.006480174604803324,-0.10288812220096588,0.07854429632425308,-0.02809903211891651
0.05646297163513553,0.025934811674662692,-0.10525566448796045,-0.16064491468578027,-0.05110504024673443,0.15624067087188218,0.27722983165060905,-0.1366629804853748,0.043873174099778846,0.045479409029320315,0.013222481983084493,-0.025487200190853074,-0.1114874288465575,0.039327020454813615,-0.07169852972167139,-0.1930023729801178,-0.020778411999344826,0.1414921134710312,0.3206917643547058,-0.12953001260757446,0.07395320385694504,0.0683460608124733,-0.09102818369865417,0.009614196605980396,-0.05809811130166054,0.06306909024715424,-0.009422706440091133
0.058095570116719286,0.00326669003647219,-0.13665069335038885,-0.19495075940312373,-0.04397185732402291,0.15052601781124922,0.29972959272897143,-0.1280301889976925,0.051562296985881904,0.06785577480618848,0.008460537883785986,0.006207126110468161,-0.06458274751116039,-0.004273084024743009,-0.06285339634565588,-0.18164658546447754,-0.02584652043879032,0.12553344666957855,0.33127856254577637,-0.10962836444377899,0.07292584329843521,0.06047111004590988,-0.0792926624417305,0.019865205511450768,-0.012512768618762493,0.04613039642572403,0.03720180317759514
0.05551573112687589,-0.022549130034015406,-0.17059102280422533,-0.21266851986376623,-0.03367178667435792,0.13275558706316373,0.3043369660267307,-0.1133875645829602,0.05725570719160338,0.08920432469981555,0.005795888927562125,0.03895807404082648,-0.012758931740260238,-0.05016431259791156,-0.052059417102033545,-0.15381614863872528,-0.03321172669529915,0.11377940326929092,0.31381237506866455,-0.09835676848888397,0.08624597638845444,0.032245077192783356,-0.0779123604297638,0.023793911561369896,-0.004580958746373653,0.043644748628139496,0.04216645285487175
0.04632893079202431,-0.039019936821528566,-0.20139316441117883,-0.2180418412490247,-0.020881285444202854,0.1127355676850813,0.28074495559764456,-0.1003219838086323,0.06603454552553287,0.10529143808526088,0.005993721443063208,0.07029716781049594,0.022969635648799173,-0.0856783532729138,-0.037904600259279615,-0.1239391416311264,-0.036191675812006,0.08851871639490128,0.2486533373594284,-0.07069134712219238,0.07844354957342148,0.030083000659942627,-0.06352034956216812,0.031972240656614304,-0.027788065373897552,0.027544034644961357,0.045707810670137405
0.0270746151522233,-0.04021966917685817,-0.22361436808544208,-0.20915187997586196,-0.010909612550007802,0.08539032446476885,0.21882912080468095,-0.07880872291904355,0.07044495025573362,0.12197733695452607,0.007835720206983761,0.09193751868106498,0.0233396945929529,-0.10194994357333113,-0.018167688470867017,-0.07814106345176697,-0.02872786670923233,0.07117459923028946,0.16011108458042145,-0.03435826301574707,0.07348163425922394,0.004696330986917019,-0.0541306771337986,0.018185777589678764,-0.0808447003364563,-0.016153812408447266,0.03713704273104668
0.005088065113569184,-0.025198917097330072,-0.23311967006680054,-0.19911352651237998,-0.0048140863273334515,0.07710294918008098,0.1560821156002321,-0.016432828243341364,0.061682728871029324,0.13226543108113895,0.004061087504661979,0.09885331457183104,-0.0022743096923506885,-0.10598272329826167,0.005196221091874346,-0.06041780859231949,0.00661137979477644,0.05054023861885071,0.02796858549118042,-0.025290802121162415,0.08560175448656082,0.01637841761112213,-0.03580915555357933,0.011377629823982716,-0.11539621651172638,-0.0589708536863327,0.030825361609458923
-0.004746397311078868,-0.003628788716417578,-0.23728852299526632,-0.1745376003664184,-0.018648768685565496,0.08987862911104968,0.09387914197611745,0.048777843816042075,0.05145172925595596,0.13985505867403578,-0.022329535455646844,0.08437922986487266,-0.043133153936169503,-0.0964383288839382,0.033546334230362275,0.002840244211256504,0.08203772455453873,0.037921659648418427,-0.07689023017883301,0.01990290731191635,0.11697157472372055,-0.0003609592095017433,-0.021596502512693405,-0.034110624343156815,-0.0774063691496849,-0.11374116688966751,-0.018835825845599174
-0.00715063531663066,0.014137457371017369,-0.2715560244081014,-0.12338138140012021,-0.028261116095118118,0.12940891850088457,0.01559619959957503,0.08214456201146386,0.08033340857164878,0.10973251993549857,-0.050898577307567174,0.003907402419379119,-0.04507054847377284,-0.09462457085388928,0.014874800892276179,0.020105697214603424,0.07188208401203156,0.02784452773630619,-0.15060390532016754,0.047658272087574005,0.12649919092655182,-0.013960286043584347,-0.030929163098335266,-0.06659407168626785,0.026823926717042923,-0.160366490483284,0.02330930344760418
-0.013113982653841684,0.024176408679087182,-0.30604025560900816,-0.05773055840049385,-0.033736867299495175,0.1583107657451209,-0.06105105819991343,0.08276885474535649,0.09015534626136688,0.0577187494603298,-0.055761147858061015,-0.05364025054344984,0.00990001438874471,-0.12794472269133422,0.01578392427170881,0.11361333727836609,0.06443305313587189,0.07369162887334824,-0.11632668226957321,0.06495935469865799,0.0966077670454979,-0.1444503217935562,-0.04848599061369896,-0.12336919456720352,0.07681076228618622,-0.1720569133758545,0.008388424292206764
-0.02990122693550552,0.03413455797268308,-0.32083773970990126,-0.011431397699144455,-0.02551260158909718,0.16634369307973187,-0.11174656357669581,0.07628155307832057,0.09244773239555056,-0.01649622956514032,-0.03812784424334898,-0.10926258096825818,0.09110167092733072,-0.14890818680808673,0.013295727629211617,0.0932805985212326,0.07022624462842941,0.07688954472541809,-0.1524524837732315,0.06055232137441635,0.08081261813640594,-0.15725485980510712,-0.05197708681225777,-0.14743778109550476,0.170100599527359,-0.15785455703735352,0.010883063077926636
-0.04548439335876055,0.03749778866110547,-0.32065731394930813,0.02580718217889,-0.01783580196961264,0.16078889909546026,-0.13772764330359025,0.06126907157359032,0.09270616525152718,-0.08619512543886688,-0.021118041847687816,-0.15115435072710595,0.16252870574667155,-0.15133654300824043,0.01363055654918175,0.13169246912002563,0.09235519170761108,0.08846058696508408,-0.14057934284210205,0.07497227191925049,0.0752616673707962,-0.21345993876457214,-0.04309099167585373,-0.17082227766513824,0.2117406129837036,-0.16346198320388794,0.005889790132641792
-0.05549516078577105,0.03413830602588712,-0.3058826610293719,0.06005730454169758,-0.014104800470753699,0.1423928731159509,-0.1451869638809762,0.0402077723099063,0.09176924164652533,-0.1420908950572062,-0.010073385099236441,-0.17442177553289814,0.21524310888111975,-0.1527204016501134,0.01221803754409315,0.12663722038269043,0.09099961072206497,0.08633613586425781,-0.14039047062397003,0.058480896055698395,0.05487702041864395,-0.22935275733470917,-0.03186740353703499,-0.1744890958070755,0.28039681911468506,-0.1582740992307663,-0.007579660043120384
-0.059302390389045834,0.02404797558156449,-0.2841726575651182,0.09192550977063577,-0.012930294568013654,0.11905646585818383,-0.1364279061631922,0.011830287335650936,0.08825657706308505,-0.19467156212899478,-0.006391238816825544,-0.18214000516060408,0.26433225951245976,-0.15187524148744186,0.007306573636558584,0.1275482028722763,0.08566426485776901,0.09156869351863861,-0.11342396587133408,0.05643421411514282,0.030004696920514107,-0.23430611193180084,-0.02423291653394699,-0.16925466060638428,0.28061702847480774,-0.1307096779346466,-0.0015393553767353296
-0.06136558244775612,0.010404086664147556,-0.25515629827912095,0.12007761001846294,-0.009100861104875988,0.09002663640293211,-0.11503670583214842,-0.02152381613469193,0.08066576127140788,-0.2258498155705011,-0.0018897951623693488,-0.1777523541469953,0.2739449502361002,-0.13403170880183116,0.005553585285015032,0.13287800550460815,0.09406129270792007,0.0713130533695221,-0.08700739592313766,0.04054743051528931,0.03850817680358887,-0.224867582321167,-0.0126998545601964,-0.1457287222146988,0.30888962745666504,-0.1425747126340866,-0.012785887345671654
-0.05614609642943369,-0.004423174700370401,-0.22169456315152847,0.147075818561833,-0.007905945912220607,0.0597049750011277,-0.0848829156484178,-0.059019340991575533,0.07086383068273402,-0.24632954803552315,-0.001229480088409062,-0.15709694642849487,0.2805437024730749,-0.13575166756191626,0.000757841369323237,0.13182030618190765,0.05718551203608513,0.07670683413743973,-0.08150546997785568,0.02759569138288498,-0.0058473628014326096,-0.21417829394340515,0.01275684591382742,-0.1369209736585617,0.2967016398906708,-0.11361102014780045,-0.01483198069036007
-0.04662802824073944,-0.02133620959195441,-0.19723750988331915,0.1759060140835592,-0.00842202094833712,0.03443315486729898,-0.06569868654854083,-0.08997742862383223,0.057627835709761675,-0.2559436584980234,-0.00210623117163651,-0.13560422410112055,0.2703555002766739,-0.11883168327457093,-0.004303941498021479,0.11322268843650818,0.06393875181674957,0.06120891124010086,-0.09989627450704575,0.01316603273153305,-0.010537942871451378,-0.15672357380390167,0.013676594011485577,-0.11620831489562988,0.27219995856285095,-0.08111773431301117,-0.03601076081395149
-0.03149865306817591,-0.026760678163550485,-0.17166325805388485,0.20009204966021932,-0.008553016421149404,0.008866732672392533,-0.05948846702681041,-0.11215418645180264,0.03810833213712782,-0.24542058457973945,-0.0015804540087778509,-0.1183143605626043,0.2318333512742084,-0.09338978516170209,-0.01374878283136412,0.1324886530637741,0.04005715250968933,0.0723530724644661,-0.12346161156892776,-0.01105210930109024,0.007443683221936226,-0.14693067967891693,0.02567353844642639,-0.09465149790048599,0.1852065920829773,-0.039413124322891235,-0.046801526099443436
-0.008826200778158502,-0.020904318178719922,-0.15812199522376308,0.22020140307798247,-0.012410055438566233,-0.0020563982136921084,-0.0756866223274897,-0.12272219628890492,0.019959442552218102,-0.2301899052704839,0.002620328663149093,-0.09400472337500104,0.17250894955599363,-0.04514378355829955,-0.028317981454610765,0.10275321453809738,0.044635478407144547,0.06618424504995346,-0.16006126999855042,-0.05342704802751541,-0.0014426764100790024,-0.058927927166223526,0.013755989260971546,-0.06912482529878616,0.07531342655420303,-0.026825467124581337,-0.07577462494373322
-0.002982533789556859,-0.00910726826227562,-0.14654321190418934,0.23758147460790205,0.008309294428101384,-0.00539744067158269,-0.09709825595142456,-0.12966368789195215,-0.005125337913348155,-0.1960652139758282,0.018645048101527218,-0.11308372077760286,0.11783183979861478,0.032952709058911976,-0.05954595698029394,0.11486884951591492,0.007869252935051918,0.09054020047187805,-0.15631359815597534,-0.06623432040214539,0.00868982169777155,-0.05642937496304512,0.004763155244290829,-0.04946375638246536,-0.012509196065366268,0.035723648965358734,-0.12650492787361145
0.0005060214165904475,0.016712989705783846,-0.14709965466446953,0.22888498437853397,0.023244246786961877,0.027539235435755666,-0.11554108399580862,-0.11838407408053278,-0.015794280324858842,-0.1689320159728734,0.03676730788756072,-0.11903315088649913,0.04849666168661564,0.0939675110448063,-0.08151408183367419,0.030497808009386063,0.01745416596531868,0.07585886865854263,-0.12627671658992767,-0.14620059728622437,-0.020351340994238853,0.04384361580014229,-0.040853388607501984,-0.0030041751451790333,-0.10841641575098038,0.07073844969272614,-0.1671932339668274
-0.005302954578991887,0.041380619770618694,-0.13233061368477791,0.17966831923820611,0.0419520484889313,0.06030362673264224,-0.08743960230175127,-0.1215727198420535,-0.016499208679074853,-0.11393992174197384,0.059859895086569734,-0.13676626292533375,-0.044678254732326,0.10594850762495828,-0.093895196441799,0.012141412124037743,0.0007566111162304878,0.1015906110405922,0.009399975650012493,-0.17674383521080017,0.02357207052409649,0.03292200714349747,-0.047876160591840744,0.0034603714011609554,-0.14824278652668,0.09096252918243408,-0.19530922174453735
0.0054452376270322286,0.058483726795404756,-0.13352132377540157,0.1042025853790803,0.022085461821140278,0.09449536283321275,-0.0077568520641076565,-0.14855687217701508,-0.0035840325840422265,-0.07033787478823504,0.05963614446297506,-0.12686765408772666,-0.10861885945768393,0.11098780823506113,-0.09664303520499423,-0.10835137963294983,0.020654980093240738,0.10448546707630157,0.09476841241121292,-0.14902952313423157,0.04365813732147217,0.09542427211999893,-0.0815056711435318,-0.016517484560608864,-0.14956101775169373,0.10193110257387161,-0.1468496322631836
0.023362204537641568,0.062270288992461335,-0.13984990721699858,0.014139627321448469,-0.011302620920212454,0.10935540642793334,0.09789944974594826,-0.1409054941533483,0.009101399324193727,-0.02482821124527206,0.04576092017679134,-0.11178112267366677,-0.15037046985204633,0.10557234638739409,-0.09228953363873303,-0.10772183537483215,-0.010689779184758663,0.12841638922691345,0.18476398289203644,-0.17488884925842285,0.061136312782764435,0.06090827286243439,-0.07392168045043945,-0.018126824870705605,-0.16588924825191498,0.0991729274392128,-0.13264289498329163
0.041102921415832515,0.054648801754365615,-0.16372883089810394,-0.05511797856738049,-0.038468397595323195,0.13466676627853252,0.1716477389140139,-0.15636417462261698,0.022754851827571945,0.01165526647780664,0.030244403732638016,-0.08091649442975662,-0.15779208252826582,0.08603861429258085,-0.08539915515815291,-0.18803012371063232,-0.003470168448984623,0.14866629242897034,0.2462155967950821,-0.13031496107578278,0.07060917466878891,0.09211927652359009,-0.09713437408208847,-0.013377944938838482,-0.13180209696292877,0.09137528389692307,-0.07709047943353653
0.05119710246808721,0.04524325576341964,-0.1940808067073554,-0.12935305261828625,-0.048463056724495454,0.15536851904639906,0.23885403244645462,-0.1351191991483764,0.03491428859133411,0.039156911192269175,0.018311010119971934,-0.05009430353891792,-0.144956086941572,0.0568500503012515,-0.07762643505758181,-0.17452365159988403,-0.021344434469938278,0.14329463243484497,0.2831156849861145,-0.14515560865402222,0.06283500790596008,0.06997450441122055,-0.0887884572148323,-0.007590676192194223,-0.10779824107885361,0.0691642090678215,-0.046374861150979996
0.0603202932517916,0.026468792235189414,-0.224026255507391,-0.1727670516484517,-0.05078142466144548,0.1554345937313305,0.2665151855554238,-0.13665536255019492,0.04147230730348745,0.06765208135307033,0.009223096554603622,-0.015913720707692872,-0.11037349398120666,0.01631260646950878,-0.0688021519837086,-0.2114371955394745,-0.01666448637843132,0.1414991170167923,0.3185218572616577,-0.10824797302484512,0.07438719272613525,0.08048498630523682,-0.08708497881889343,0.0029088309966027737,-0.04973778501152992,0.05300141125917435,0.005295535549521446
0.0588385349836032,0.008028158876479534,-0.2563422828125285,-0.21672098302955947,-0.0392552124585053,0.14833207449883187,0.29378941412203957,-0.11570588591188666,0.05013770726640619,0.08764599172998774,0.005844367171823764,0.015141049595513122,-0.06222269306490271,-0.030978440987086724,-0.06009993985618123,-0.16482701897621155,-0.02958766743540764,0.11986728757619858,0.31712573766708374,-0.12141396105289459,0.07345544546842575,0.05747451260685921,-0.09127824008464813,0.0186630692332983,-0.020845569670200348,0.03904274106025696,0.018054163083434105
0.05524570924467823,-0.017717451196394587,-0.2927307694552012,-0.22313329371297663,-0.030490499220086925,0.1277768601711426,0.28277963448157495,-0.11590833076605449,0.056491708397145915,0.11187157735174308,0.0013586736266795172,0.05050510274328353,-0.012326947152849594,-0.07753625266423293,-0.04734266105383246,-0.1761494278907776,-0.03564583882689476,0.10900964587926865,0.299490749835968,-0.089035265147686,0.07929672300815582,0.04816032573580742,-0.06857918947935104,0.01452105212956667,-0.011179178021848202,0.027104442939162254,0.049744050949811935
0.042008496899879365,-0.026244447012803925,-0.31902648085965557,-0.23936611116609866,-0.01668109445341187,0.10433196592195239,0.2642255531529163,-0.09621081008996286,0.06383393267107536,0.12518468311932998,0.0020392976546877765,0.07582445515789231,0.015570475530196068,-0.11110459594832212,-0.03129019944957561,-0.10300983488559723,-0.03679192066192627,0.07970961183309555,0.23225273191928864,-0.07347361743450165,0.07267698645591736,0.026979155838489532,-0.07591588795185089,0.03546300157904625,-0.04517737030982971,0.008665041998028755,0.028806431218981743
0.02501164977070631,-0.025908191013139046,-0.3432744421368166,-0.21862654416196595,-0.010416095775274714,0.07959195507458318,0.1915668965931714,-0.08014909888872561,0.06700653516605312,0.14224224106692468,-0.0005226839936016364,0.100659785448854,0.01357029720683064,-0.12887510728324073,-0.009251449468227112,-0.10978537797927856,-0.030503684654831886,0.07686137408018112,0.15925092995166779,-0.05380498245358467,0.07967345416545868,0.027628690004348755,-0.05470411852002144,0.00898693222552538,-0.07872112840414047,-0.032710544764995575,0.021588211879134178
0.004063747104141395,-0.0068195870440638075,-0.35054692804970233,-0.21724077620804746,-0.008988480403726764,0.08480392820721953,0.16723489773169586,-0.017654878464767054,0.05780048044094166,0.15107235098610858,-0.010481325705964158,0.09875762259945178,-0.013262393241626043,-0.1316006330075021,0.018834590998613388,-0.029385577887296677,0.02548183873295784,0.05236361175775528,0.0231199748814106,-0.023413952440023422,0.10508092492818832,0.0015301406383514404,-0.039136290550231934,0.011931139044463634,-0.1290040761232376,-0.05122365802526474,-0.041609521955251694
-0.0026583644109870806,0.017824575747023,-0.3679972758241645,-0.18021012533627692,-0.021403611877569957,0.10948381902503154,0.08812248247609616,0.048048316538458084,0.06009324490598317,0.15244269585268577,-0.03612681175113029,0.08625352921542408,-0.054661413473986196,-0.11586118791890387,0.02302930776254982,-0.015448736026883125,0.06246817484498024,0.03885851800441742,-0.09630297869443893,0.016162123531103134,0.11223220825195312,0.031403496861457825,-0.026364468038082123,-0.03779671713709831,-0.09090662002563477,-0.14457637071609497,0.030298814177513123
-0.01199122039761582,0.038941217936960586,-0.40124133777386994,-0.12446969818500428,-0.029887174443308274,0.14322327562054618,0.002874065186886428,0.07247035960136647,0.08639189771249944,0.12572883208824853,-0.06119204937588196,-0.00308918633947717,-0.06370966918061616,-0.11986770119113539,0.02299649528471922,0.0631353110074997,0.0785759910941124,0.0354631245136261,-0.12517334520816803,0.06146635115146637,0.10658328980207443,-0.045483291149139404,-0.032094571739435196,-0.08177594840526581,0.004387517459690571,-0.1562224179506302,0.0009823876898735762
-0.024084785844379477,0.05119204674766187,-0.4329206370814592,-0.059795891808143965,-0.026466329636907433,0.1680026030202467,-0.07669699720449977,0.07323057521538713,0.09411691852006095,0.06262083342001898,-0.05456394676972494,-0.06518901900888274,0.0009350999252857209,-0.13449338924448395,0.014844201836635134,0.0968022346496582,0.061805691570043564,0.08287382125854492,-0.14601419866085052,0.04239090904593468,0.08382882177829742,-0.13804946839809418,-0.05237951874732971,-0.13021846115589142,0.08350910991430283,-0.17519734799861908,0.014209521934390068
-0.045939506449515236,0.06096245955207918,-0.4519995967910586,-0.009731743585532198,-0.01621821514161993,0.17445036017959756,-0.1311668348144248,0.06625656515413722,0.09573188340741065,-0.02078922887169113,-0.034384040460325845,-0.12067931490954896,0.09176622662202101,-0.15366824314121846,0.014889030160619196,0.1124519407749176,0.07278387993574142,0.08015603572130203,-0.14767135679721832,0.0676969513297081,0.06021534651517868,-0.172711580991745,-0.04330511763691902,-0.1592448502779007,0.14971359074115753,-0.16042950749397278,0.007898876443505287
-0.06661503687065551,0.06487683041266555,-0.4476411664268292,0.02726877576149136,-0.006442925237419641,0.16359717416616243,-0.15453320453995717,0.04885487445343506,0.0969119369980435,-0.08932844965078002,-0.014010519866688415,-0.16185139592591732,0.15319692076518393,-0.15428148278109804,0.01374826275918541,0.1329858899116516,0.09282096475362778,0.0965384915471077,-0.15098029375076294,0.053771473467350006,0.060599952936172485,-0.22291766107082367,-0.03540431708097458,-0.18151895701885223,0.21542218327522278,-0.16461706161499023,0.005454095080494881
-0.07478511390791334,0.05946242712221793,-0.43199431276150796,0.06276725799437063,-0.0034643564721940196,0.14605625083927543,-0.15825228232063154,0.023836944061744494,0.09656580735522766,-0.1532340121074608,-0.005454327672829047,-0.18404834008560847,0.2136107037052368,-0.15517170219216828,0.012073810567926245,0.12502571940422058,0.09028541296720505,0.09314999729394913,-0.14451439678668976,0.04854077845811844,0.03350308537483215,-0.23254860937595367,-0.02847050502896309,-0.18221479654312134,0.25843560695648193,-0.14173461496829987,-0.0003184287343174219
-0.079078610491567,0.04786205008284234,-0.4069095809359825,0.09571756831254534,-0.0023908328213723407,0.12004911686089861,-0.1455728994461276,-0.007640705710493543,0.0937575969724836,-0.2024377057163142,-0.0020098719104589364,-0.1908870133344518,0.2489976230678898,-0.14250922611860029,0.009431127393811276,0.14317362010478973,0.0958084687590599,0.0853370651602745,-0.10979001969099045,0.033681102097034454,0.04896101355552673,-0.24635671079158783,-0.025288976728916168,-0.16498972475528717,0.29527929425239563,-0.15520648658275604,-0.0054172612726688385
-0.07721548195249006,0.029018765567397433,-0.37464486302549455,0.12834030182294165,-0.004200144038910588,0.08891119402580765,-0.11734587076064633,-0.04619317778090763,0.08852587993638314,-0.23801133416875314,-0.0033633059459931805,-0.17669060638194758,0.27642472664730117,-0.14594085098020468,0.005888344933470018,0.124055877327919,0.08278106898069382,0.08597368746995926,-0.08416038006544113,0.021977543830871582,0.00921553559601307,-0.23694896697998047,-0.009443392045795918,-0.14945147931575775,0.301118940114975,-0.12616074085235596,-0.0071428921073675156
-0.07154019755462035,0.012697167469227473,-0.3408253019530657,0.15328287785635505,-0.00334777391376688,0.05705051595983243,-0.08138405154026297,-0.08735810825391258,0.07923391160325297,-0.2617873454332809,-0.003910649063993416,-0.1562218625640229,0.2782800053975649,-0.13003915395635696,0.0023079681613598596,0.13272523880004883,0.06905265897512436,0.06816009432077408,-0.07939166575670242,0.006141573190689087,0.010064797475934029,-0.20308178663253784,0.007200880907475948,-0.12963449954986572,0.31278055906295776,-0.12822583317756653,-0.01937512308359146
-0.059527347506517767,-0.006036134786440144,-0.30873339944748707,0.18751341838989666,-0.005841118578630846,0.026753921436432807,-0.06004205165752783,-0.12130516776815117,0.06547336643115001,-0.26590138694044474,-0.006989291751883214,-0.13246808271624608,0.2705753279706684,-0.12648308591461704,-0.00435249245840247,0.12005214393138885,0.05558715760707855,0.06968562304973602,-0.09482076019048691,0.003495320677757263,0.0013368446379899979,-0.18141397833824158,0.019626110792160034,-0.11829642206430435,0.2681681513786316,-0.07193398475646973,-0.031130971387028694
-0.04304304171477092,-0.009896128605504914,-0.28146332619357645,0.20916485031297644,-0.006908115749789006,0.003604840391782305,-0.05615388392095644,-0.14200613328760328,0.04975297218380621,-0.2615753146826283,-0.006455127628576911,-0.11365880641005915,0.23354806666201233,-0.08941097304099428,-0.0128556194189895,0.11120804399251938,0.05234188586473465,0.07038938999176025,-0.13407808542251587,-0.047038733959198,-0.02846565656363964,-0.1217794269323349,0.01765626296401024,-0.09021325409412384,0.18824179470539093,-0.04024891555309296,-0.04514142498373985
-0.020416795604680467,-0.0020049342494150037,-0.2615089569160656,0.223834014263084,-0.006725329213451075,-0.005216817994758421,-0.07324878014914624,-0.149496701161636,0.029398374999168288,-0.23702031303365761,-0.0018544866483951737,-0.09624554485876169,0.16564644776406573,-0.042268100175538635,-0.02636369259040493,0.10598143190145493,0.036362048238515854,0.0674842894077301,-0.15214259922504425,-0.07367736846208572,-0.0382734015583992,-0.08180778473615646,0.02289218083024025,-0.07244852930307388,0.07942437380552292,-0.021020447835326195,-0.09077721834182739
-0.01060398771976181,0.010773184200873188,-0.2492797920215965,0.2324811966649641,0.015089267283345474,0.0017671085563796254,-0.09274804116174719,-0.1493442338844296,-0.0007238915192411136,-0.2046358152160293,0.01032041231662726,-0.11426507426864639,0.11711910475280826,0.03143402257431241,-0.04661427679895485,0.09504985809326172,0.015951886773109436,0.07666142284870148,-0.17643144726753235,-0.09442267566919327,-0.046073004603385925,-0.040674738585948944,0.0004022950306534767,-0.040657758712768555,-0.01729617640376091,0.03417525440454483,-0.1298392415046692
-0.008517746713247934,0.03695495581674672,-0.24280581079869906,0.22331825367868866,0.03660836753912256,0.03462538591522541,-0.12121836975169858,-0.1336031793306874,-0.02611657399224645,-0.1706642901315893,0.030010121534219437,-0.1274756052607333,0.04797593635595367,0.07836755948764638,-0.06533947280851891,0.042042504996061325,-0.002081143669784069,0.08830153197050095,-0.1197197362780571,-0.15054631233215332,-0.032883159816265106,0.026619840413331985,-0.03813859820365906,0.00024749094154685736,-0.10719215124845505,0.08689726889133453,-0.19029501080513
-0.013273658903654955,0.06364108579961865,-0.23519974972435523,0.17193547611584442,0.04874585678447773,0.07069330831495085,-0.09595466216602216,-0.13129094685794654,-0.0263594355578539,-0.11773855145014753,0.05463839173676257,-0.13745825612920942,-0.04643588453141085,0.0911626445894682,-0.07984868761858406,-0.02526133507490158,0.013287088833749294,0.09295075386762619,0.010669824667274952,-0.17202773690223694,0.03303871303796768,0.06411222368478775,-0.06905438750982285,-0.0005834015319123864,-0.14067892730236053,0.09297912567853928,-0.19317284226417542
-0.0019256957164662332,0.0759365250978862,-0.2363444115651447,0.08794346391321765,0.020640140716103393,0.0906565067162189,0.00015150959668544647,-0.14792892001669722,-0.008355194156835784,-0.06495775330415399,0.052592086791532516,-0.12748491806607473,-0.11819649633560576,0.09777821040084064,-0.08189793382958338,-0.09752054512500763,0.013454790227115154,0.10884971171617508,0.1187458261847496,-0.16402775049209595,0.05715065449476242,0.07671194523572922,-0.07791407406330109,-0.02608395554125309,-0.1608654111623764,0.09748538583517075,-0.1567336469888687
0.020004286840721506,0.07636682374483292,-0.24825593603421214,-0.0010644828188798245,-0.015417265828191605,0.11307244395650581,0.11035662272259494,-0.15106362185410005,0.009431495400585837,-0.01679424593430871,0.03849311071526684,-0.10772996805773205,-0.156653547866093,0.09017882084548937,-0.07890210592104732,-0.13514000177383423,-0.0025173062458634377,0.13523851335048676,0.18766866624355316,-0.15347114205360413,0.06621596962213516,0.07122835516929626,-0.08741366863250732,-0.026131125167012215,-0.15861959755420685,0.10040061175823212,-0.13338406383991241
0.03945258298324634,0.0706910282698419,-0.2740393832284541,-0.07551861637589248,-0.041976303338303246,0.14177963672174795,0.18192939650120396,-0.14675630261321393,0.024069418745956125,0.017529283895767307,0.022888109408895678,-0.07716620488593486,-0.16274439894545428,0.06934865867792708,-0.07335361384025324,-0.16730192303657532,-0.008234151639044285,0.15023775398731232,0.24221058189868927,-0.1309831142425537,0.07286170870065689,0.07771631330251694,-0.1029527336359024,-0.01627642847597599,-0.15009403228759766,0.0872713252902031,-0.07580545544624329
0.050311610663007406,0.06080690736416669,-0.30315839635184466,-0.13754210359106642,-0.051358467928215856,0.15980530757822628,0.22922652254439946,-0.13204579440401135,0.03631802516370289,0.04913342484015934,0.012796888935804163,-0.043643991855155835,-0.1527997975694323,0.041021513155300275,-0.06730936209175258,-0.19739732146263123,-0.020055118948221207,0.15282808244228363,0.2822403907775879,-0.13309866189956665,0.07029484212398529,0.07580415904521942,-0.0909813642501831,-0.016413362696766853,-0.11290112882852554,0.06374839693307877,-0.045797619968652725
0.05456587103401175,0.046919662918388755,-0.3333599155229093,-0.1911273703801845,-0.048344018940444655,0.1609175160931738,0.2634009320061291,-0.12800377612479918,0.044885710398061524,0.07304524354126926,0.007150372611398234,-0.012667798812859586,-0.12015394732948166,0.0009345497216466741,-0.06200316908631486,-0.19501161575317383,-0.01955542340874672,0.13415345549583435,0.30802127718925476,-0.11099312454462051,0.06618372350931168,0.07932572066783905,-0.09295440465211868,0.0009902393212541938,-0.05849084630608559,0.044757939875125885,0.008738411590456963
0.056157879688976335,0.02394765463019078,-0.36596215461656034,-0.22144136536632866,-0.041201838846951694,0.14637497544165232,0.2786996170247816,-0.11493289527944421,0.049954934708084806,0.09821661137572596,0.0020519092390068176,0.018227448915713575,-0.07036639990861751,-0.049051567964967846,-0.054023205430459444,-0.18973585963249207,-0.030847296118736267,0.12473145872354507,0.3072631359100342,-0.1134771928191185,0.08044605702161789,0.06546676158905029,-0.08811820298433304,0.006064822431653738,-0.017719566822052002,0.03358054161071777,0.0249186884611845
0.05149444579060429,0.0026405740341498515,-0.39702876076605254,-0.23707656083533704,-0.029766701135083506,0.12752471780250094,0.2755504763791944,-0.11017544463469801,0.05874869875660467,0.11674596732419311,-0.0007174148274631757,0.04881794519478045,-0.018610615651802023,-0.09617547958120709,-0.04333591798003902,-0.1571609377861023,-0.03747411072254181,0.10760580748319626,0.28860729932785034,-0.10140939801931381,0.08021154254674911,0.04534831643104553,-0.07604731619358063,0.021859055384993553,-0.01830724999308586,0.0237902719527483,0.04945402219891548
0.03840477012781407,-0.006801801071514889,-0.4273849667524454,-0.23962865199625522,-0.017572202462177177,0.10638059365683435,0.2469948091204109,-0.1028130361888012,0.06545558667400063,0.13228548119450223,-0.0015877767512437772,0.07798160644756746,0.009555242692754099,-0.13036452565407344,-0.024501206343636,-0.12067626416683197,-0.03264765813946724,0.08408722281455994,0.23082588613033295,-0.07798147946596146,0.09133606404066086,0.02246970683336258,-0.07489211112260818,0.015887370333075523,-0.05505942180752754,0.0011324342340230942,0.017293935641646385
0.017816371327976407,0.00020946719006847676,-0.44994768354026254,-0.23393554576687361,-0.0070994379057575715,0.0858305606877134,0.1958936033887943,-0.0752706997721056,0.06871245023851645,0.143211103409272,-0.0013569694212574633,0.09607067843090722,0.001971880697515398,-0.14504626028723921,-0.0017207444232890052,-0.0851278156042099,-0.027930306270718575,0.0670851320028305,0.14090894162654877,-0.08438125997781754,0.10069292783737183,0.02102043852210045,-0.06171475723385811,0.017127832397818565,-0.08632342517375946,-0.03204856812953949,-0.019654693081974983
0.005833523717424016,0.01466407040331293,-0.4604772209601279,-0.21420934720379928,-0.012799455981345801,0.09969183030174275,0.1625260007809591,-0.026900795688309363,0.06217227966885906,0.15756681009181547,-0.01933015876905939,0.0998517239093038,-0.023174369944881697,-0.14601771377913564,0.019934584585395824,-0.0514969639480114,0.02052394486963749,0.060722120106220245,0.03302527591586113,-0.010592782869935036,0.10731249302625656,0.02436698228120804,-0.04062390327453613,-0.0009382913121953607,-0.12883536517620087,-0.06287414580583572,0.013213438913226128
-0.0019040785121592612,0.04522331262137376,-0.4700282927773912,-0.18460514554597626,-0.02598160821049061,0.11623325222072181,0.085380068863642,0.03539863981297997,0.06426353114539333,0.1536985816397032,-0.048363209631747145,0.06984240856109256,-0.06924090834055227,-0.12450566583342605,0.032644556806888964,-0.001786908134818077,0.06008217856287956,0.04677137732505798,-0.0959743782877922,0.006593894213438034,0.11160176992416382,0.020589061081409454,-0.03432502597570419,-0.036615680903196335,-0.10156954824924469,-0.1398848593235016,-0.012632757425308228
-0.008463422071406719,0.06188391180470792,-0.5041008955917106,-0.12194984791805318,-0.035615148904059854,0.1504534492202094,-0.00247205270608322,0.051204389757830454,0.08810882784967894,0.12219976545421386,-0.07377708652760857,-0.005127123645485667,-0.07331892352138228,-0.11973153854772531,0.016849943392665892,0.05576538294553757,0.07691877335309982,0.04357367753982544,-0.13092593848705292,0.04489177092909813,0.0994308590888977,-0.03095599263906479,-0.03698959946632385,-0.07951119542121887,-0.008794392459094524,-0.15974199771881104,0.02249150536954403
-0.024946342166527295,0.07032374464848115,-0.532863823144273,-0.05449998514607389,-0.02854105946602383,0.169338516174799,-0.08025921657604904,0.05217258339272459,0.09281385705109842,0.06319232338157857,-0.06223044330119681,-0.06404388077139964,-0.015060577532337173,-0.13663269121515348,0.016813747173103088,0.10979420691728592,0.058245617896318436,0.0843176320195198,-0.14392343163490295,0.04916950315237045,0.08741898834705353,-0.15046313405036926,-0.04529993608593941,-0.13333846628665924,0.07261385023593903,-0.16818436980247498,0.0020028536673635244
-0.04660020806554989,0.07968785096970156,-0.5471675321023479,-0.004311246328282919,-0.015040691093659768,0.17438628500714778,-0.1377270905228729,0.04881641952287742,0.09191691650460106,-0.026568520395566564,-0.03890033807042324,-0.12090136226679993,0.08047792903820362,-0.14995420329735812,0.012263326446714308,0.11105481535196304,0.07998045533895493,0.08562114089727402,-0.15824469923973083,0.05641505867242813,0.07280050963163376,-0.1639849841594696,-0.046317216008901596,-0.1539781540632248,0.14432083070278168,-0.15998657047748566,0.012105820700526237
-0.06581376683837026,0.0789053384222774,-0.5403306988651481,0.036332194338115735,-0.002325879793223148,0.16069945822936785,-0.16215476357671782,0.03381687833590776,0.08964948194610968,-0.09348639531364146,-0.014824970009943098,-0.15897445193416646,0.1428860939246893,-0.15285294943397873,0.013372345410658496,0.13659964501857758,0.09375669807195663,0.09238684177398682,-0.15493692457675934,0.05046208202838898,0.07335180044174194,-0.22862207889556885,-0.03602035716176033,-0.17837882041931152,0.21402975916862488,-0.17078182101249695,0.006160074844956398
-0.07339342410542807,0.07232605070309532,-0.5193940030581703,0.07098152128062821,0.0008858257608978208,0.13814867603800407,-0.1648578054382403,0.010111757349227844,0.08772175490099746,-0.161129766300398,-0.007023257097151497,-0.18085737668065366,0.20972323129534753,-0.15885253709461022,0.012025614678309727,0.13387224078178406,0.09560757130384445,0.08724415302276611,-0.14598609507083893,0.040374308824539185,0.05566428601741791,-0.23337209224700928,-0.02923049032688141,-0.17350029945373535,0.2639322280883789,-0.1530238538980484,-0.00023047835566103458
-0.07753558927674213,0.05687119196090151,-0.48822116863936393,0.10681605534723937,0.0022415942274601687,0.1084098887753389,-0.1501921046907786,-0.02170914681983205,0.08326551524905448,-0.20931114126410374,-0.003872105864096387,-0.18327414747426707,0.2500919317222467,-0.1514225955451379,0.009438466898012067,0.13410739600658417,0.09292001277208328,0.08780834823846817,-0.11450286954641342,0.025522172451019287,0.04605506360530853,-0.24855224788188934,-0.02306308224797249,-0.16062860190868378,0.2958952486515045,-0.14710308611392975,-0.007658110931515694
-0.07237380103333141,0.03984737486914902,-0.4547070623929314,0.13581723583490005,0.0015731343475376574,0.07636719717513592,-0.11967377545096966,-0.06066016295266228,0.07591366917265326,-0.24866771827883533,-0.005658502534704686,-0.1696197515563585,0.27595526252820585,-0.14424475596742356,0.005092202767998362,0.1318638026714325,0.0843614861369133,0.07885386794805527,-0.09043904393911362,0.014181740581989288,0.03288467228412628,-0.23532210290431976,-0.007746723480522633,-0.14251093566417694,0.3113313913345337,-0.13384220004081726,-0.009476108476519585
-0.06442852863082582,0.021226284378161753,-0.4224691317880842,0.16519654954789234,0.0010626188193533176,0.04586983541722555,-0.08677405776835173,-0.10042507844176664,0.0657123792784723,-0.2704861419303315,-0.007842833124408574,-0.1485045622604562,0.28039074548192666,-0.13443187205035315,0.0009673344508367688,0.13112446665763855,0.06715495139360428,0.06445610523223877,-0.08995756506919861,0.0008961856365203857,0.020578505471348763,-0.21032777428627014,0.0076824454590678215,-0.12624768912792206,0.3137422204017639,-0.12379147857427597,-0.022208482027053833
-0.05014027484371176,0.0044386539657097135,-0.3907924346487712,0.1963753192638091,-0.0011880571020790758,0.01751779662357873,-0.06804273228542136,-0.1323172901716373,0.052834334714547425,-0.2765039555109226,-0.011128221387897562,-0.12673361538621145,0.2717518359177175,-0.12542750864034666,-0.006225976260214817,0.11560334265232086,0.06169840320944786,0.06904739886522293,-0.10895565897226334,-0.01807525008916855,-0.012957757338881493,-0.1679152399301529,0.014197166077792645,-0.1077648475766182,0.2739919424057007,-0.07140441983938217,-0.02859594114124775
-0.032051042287449046,-0.0005329175399402175,-0.3622660374677753,0.2171299406534507,-0.0006227786912977742,-0.002834736892692243,-0.06492420993125178,-0.15179612963833203,0.03465430641680699,-0.2658975396573917,-0.008866841608190372,-0.10638317425600823,0.2317691854078403,-0.08962139317022633,-0.013205385347532442,0.11220519989728928,0.049190398305654526,0.06492181867361069,-0.13618634641170502,-0.05169602483510971,-0.027903733775019646,-0.133265420794487,0.019049856811761856,-0.08744315057992935,0.19979341328144073,-0.04518687725067139,-0.05694771930575371
-0.007692506231873722,0.0068321102890992825,-0.34194104143894255,0.22879802641220237,0.0005234534873716924,-0.009537509228325265,-0.07814431611059407,-0.15805354746474184,0.006063478273594,-0.24603829082123344,-0.007878888526036293,-0.09838936741768362,0.18721286908938817,-0.03344516312546684,-0.0347823970838407,0.1358409821987152,0.024971064180135727,0.0601794570684433,-0.15000617504119873,-0.04424348101019859,0.030214564874768257,-0.10020850598812103,0.022502750158309937,-0.06143464520573616,0.09640033543109894,-0.028086302801966667,-0.08301813900470734
0.003410964988982959,0.02001756398340814,-0.3348126984748617,0.24903970342728532,0.01655861964922487,-0.0051022713341605415,-0.10333080040572853,-0.15479247929987502,-0.016659177002261237,-0.21424126027703327,0.0037533661973786574,-0.11029984679404953,0.1424531403531647,0.030316392253371703,-0.05403413707814726,0.08169446885585785,0.020828910171985626,0.06983250379562378,-0.17735472321510315,-0.08734583109617233,-0.02047613076865673,-0.015366734005510807,-0.0031112926080822945,-0.04205501452088356,-0.027059730142354965,0.03295215219259262,-0.12448343634605408
-0.00331017638264641,0.0485833440464805,-0.32810123948196135,0.234043406799944,0.04797438892889274,0.019062201124957733,-0.11869306717177844,-0.13254541649841953,-0.027133477070482203,-0.1665957862892842,0.035690328030141535,-0.12763284133067165,0.04729973478486853,0.06158226582308274,-0.07473523008788832,0.06347066909074783,-0.005627376027405262,0.08074241876602173,-0.12091737240552902,-0.15928325057029724,0.010243682190775871,0.020340781658887863,-0.037098146975040436,-0.0009069150546565652,-0.10250607132911682,0.06263390928506851,-0.18663710355758667
0.00026185231640843745,0.08200431965218277,-0.3242299851605009,0.18267208767418686,0.04484544917123563,0.0599156940091127,-0.09875251384379513,-0.13719379049502156,-0.015968310760927775,-0.11825016696297198,0.050342705951544615,-0.12819998744982455,-0.052861040009180724,0.08000947115558227,-0.08568580680796954,-0.04644513875246048,0.015849975869059563,0.09498847275972366,0.015378584153950214,-0.17891240119934082,0.03860904276371002,0.08280100673437119,-0.070555180311203,2.6208697818219662e-05,-0.13828213512897491,0.10304953157901764,-0.19697242975234985
0.018006481624728735,0.09782684447385306,-0.3193079234370954,0.0867123401812199,0.014818907096193469,0.09040556214988216,0.010935460816212586,-0.15517121598679748,0.00012888635066716603,-0.06388911104126394,0.04211974128587514,-0.12374642768147195,-0.13358505394381373,0.09032015463386923,-0.08666572253971637,-0.08045411109924316,0.013127992860972881,0.1035999059677124,0.1031554564833641,-0.16115695238113403,0.057659074664115906,0.06626852601766586,-0.07209187746047974,-0.02983013726770878,-0.1837366372346878,0.08775658160448074,-0.15925811231136322
0.04099577710721572,0.10001650559155058,-0.32765579151087787,0.004098373089775531,-0.022808531980548163,0.11194584064526818,0.10062847982642156,-0.15343641612328832,0.01521390273530706,-0.014855257896297283,0.02579614201853479,-0.10637090533995432,-0.17800966255050651,0.08513660929119989,-0.0842906022218008,-0.1442394256591797,-0.008607347495853901,0.13996416330337524,0.17512086033821106,-0.15852868556976318,0.07127216458320618,0.08939353376626968,-0.08824746310710907,-0.019221799448132515,-0.16379858553409576,0.09921377152204514,-0.12334084510803223
0.058518649766949975,0.09689280164646182,-0.3516348466533282,-0.07158095738769868,-0.04441541684508671,0.14346288922349543,0.17216967788402335,-0.15093736192695087,0.029916989805979868,0.016877587825679347,0.012595759832267172,-0.07707001781359744,-0.18262552342637564,0.063559306187039,-0.08056241584579986,-0.1760077178478241,-0.016830936074256897,0.15122300386428833,0.23142977058887482,-0.1402941346168518,0.07394333928823471,0.08333028107881546,-0.09875130653381348,-0.023338107392191887,-0.15555404126644135,0.08049000054597855,-0.07789095491170883
0.06859489136691453,0.08619568867773404,-0.38003528142177784,-0.13705673684522096,-0.05218819855964406,0.15843250493166383,0.22228467740979513,-0.13900295583510502,0.04113206187581853,0.04693088585105089,0.004467086491910549,-0.04742360303026333,-0.1672153374329535,0.03169652832125674,-0.07671754615682944,-0.20882922410964966,-0.016317151486873627,0.1483575850725174,0.26436546444892883,-0.12691006064414978,0.07128357887268066,0.09322208166122437,-0.09546825289726257,-0.004802840296179056,-0.11590458452701569,0.05816223472356796,-0.03366434946656227
0.07124163287076361,0.06920107563978747,-0.4121916520674271,-0.1892345409635801,-0.04780639193890912,0.1584554276152488,0.2518842114516917,-0.1266177179699561,0.04851232099920369,0.07331484424945298,0.0014419310481214888,-0.016104182094794313,-0.13301906030796926,-0.009647471187371606,-0.07168181181022949,-0.19859012961387634,-0.023162780329585075,0.1362675279378891,0.3052113652229309,-0.12213227897882462,0.07172279804944992,0.0777011588215828,-0.09114539623260498,-0.005311789456754923,-0.059118833392858505,0.03455520421266556,0.013552835211157799
0.06995038567622071,0.044498674679810724,-0.44578748668688867,-0.22369732352362257,-0.038221241087297644,0.1446187815012604,0.2726821370877779,-0.12041550409827326,0.05450445732551029,0.09708118023145561,0.00017354240883726938,0.016763874865065052,-0.07603124189610062,-0.06321471953697544,-0.06678909316880692,-0.19168993830680847,-0.02826862409710884,0.12542438507080078,0.3027631342411041,-0.12112893909215927,0.08232550323009491,0.05992131680250168,-0.08262478560209274,0.007178222294896841,-0.013933657668530941,0.02629159577190876,0.03636454418301582
0.06406284798969424,0.022023331888660406,-0.4830021152542241,-0.2408735949569082,-0.025609702215652112,0.12757673843979273,0.2699613206172247,-0.11743735094086437,0.0625421746592201,0.1138845592826567,0.0007698802151332505,0.050071150314674295,-0.016407119205336988,-0.11172489743148811,-0.05759432960315705,-0.15698504447937012,-0.030873406678438187,0.10205721110105515,0.27271154522895813,-0.0899675115942955,0.08394645154476166,0.04470209404826164,-0.08046877384185791,0.020854754373431206,-0.020423181354999542,0.013127679005265236,0.05895058438181877
0.050907815522902446,0.010060992851991803,-0.5139139514940435,-0.24255341532126873,-0.01597979253993564,0.10342985118230244,0.23322520511532258,-0.09792756662088939,0.06906473725218508,0.1344761871547951,2.8535475857289388e-06,0.08141710647256552,0.007492064766399355,-0.1467615653679045,-0.03861714293376754,-0.1292313188314438,-0.03973741829395294,0.08731412887573242,0.2304924875497818,-0.08501572161912918,0.08278272300958633,0.027233071625232697,-0.06684473901987076,0.005435825791209936,-0.05404486134648323,-0.016074288636446,0.030480897054076195
0.02679997213805542,0.015696501530546806,-0.531855840500762,-0.24459580623606253,-0.006572746050254282,0.08268259761965216,0.19129481141756682,-0.07494383490007238,0.06997057595662924,0.14918083103717428,0.00176409279297567,0.09733533537806155,0.0018134545734127283,-0.1644085355905737,-0.021165111583913272,-0.08403730392456055,-0.01837240904569626,0.06466134637594223,0.11865312606096268,-0.07253801822662354,0.07044923305511475,0.024147167801856995,-0.0648309662938118,0.025207433849573135,-0.08820284157991409,-0.03677766025066376,0.01776476763188839
0.019431761715339856,0.0312230182267137,-0.548062691844185,-0.21805090644269454,-0.012769872843930366,0.10227801156000979,0.14748550385914408,-0.01704225545457077,0.055497863048949866,0.16506614774334713,-0.01762328322645906,0.10575990860979807,-0.02640876858842749,-0.1670967744161498,0.00489449615403882,-0.06908248364925385,0.013800880871713161,0.06910040229558945,0.01608051359653473,-0.031882937997579575,0.12876197695732117,0.032167691737413406,-0.03968231752514839,-0.008989161811769009,-0.1154727190732956,-0.08154699951410294,-0.0009388683829456568
0.01329442127532192,0.06109974459171858,-0.5588987735176966,-0.1920692855116645,-0.02898227174905726,0.11952607745315752,0.07441397959309858,0.031252808207754924,0.05499793533978405,0.1545186660395564,-0.046879115712985156,0.06851663626955826,-0.06473497689486178,-0.14637078573506085,0.014745082401910796,0.001458093523979187,0.059102918952703476,0.04255630075931549,-0.08633185923099518,0.03136291354894638,0.13485737144947052,0.023337602615356445,-0.03084520995616913,-0.030024690553545952,-0.10851825773715973,-0.14561209082603455,0.04218335822224617
0.004556523905091996,0.08144967550358462,-0.585369209412323,-0.13265631853860102,-0.03742941883040086,0.14453059401574297,-0.01249808377138157,0.053114304882552775,0.07458492749923212,0.12993432527449833,-0.06521913464870745,0.0019034397226397595,-0.07509592639573755,-0.13541725861523773,0.02325051355722345,0.04806612432003021,0.08871147036552429,0.04438053071498871,-0.141095831990242,0.04639605060219765,0.11694729328155518,-0.02584468573331833,-0.03857995942234993,-0.08701895922422409,-0.006592902354896069,-0.18476316332817078,0.006003128364682198
-0.013197038176944812,0.08699824403774684,-0.6132849950953702,-0.06418002732726048,-0.03240276735883283,0.16436438291713384,-0.08971866073628057,0.05502789367435924,0.08126389822474836,0.06994719109832188,-0.05752336257849258,-0.06727399509820339,-0.012006143706464691,-0.15640758089844847,0.016482656131132593,0.10971980541944504,0.05845789983868599,0.08155928552150726,-0.14995509386062622,0.055178575217723846,0.10862448066473007,-0.1492590606212616,-0.04283711314201355,-0.13470014929771423,0.08310379832983017,-0.16463860869407654,0.00964869000017643
-0.03529546516887001,0.0948922418610448,-0.6340573370593092,-0.009079209608050887,-0.01819938873797477,0.17361179930264253,-0.1482169524257833,0.05059958755767622,0.08263639631423254,-0.023116673971063456,-0.03477478103266857,-0.12357940649296914,0.08867178100345009,-0.15541157178430492,0.014336341667427362,0.09313773363828659,0.09505833685398102,0.08879898488521576,-0.17007791996002197,0.05295854061841965,0.06113404035568237,-0.1564350724220276,-0.053188469260931015,-0.15590229630470276,0.15152490139007568,-0.17123165726661682,0.00755668431520462
-0.05507477438306607,0.09412276629743897,-0.6287754157871099,0.028906464974397715,-0.003509618983654971,0.16146307812104074,-0.16765741288871303,0.03304292358628732,0.08052080073107534,-0.0916299322729993,-0.010683472752812397,-0.16351746735552292,0.14964300397340963,-0.16066284152052232,0.013829703143913479,0.14964501559734344,0.08436721563339233,0.09324672073125839,-0.15165983140468597,0.05661483854055405,0.08118242025375366,-0.24251125752925873,-0.03002963960170746,-0.1845674067735672,0.21830050647258759,-0.17947575449943542,-0.0018435402307659388
-0.06418042688646326,0.08628022032099301,-0.6115096978347694,0.06690075088422634,-0.0007812360319999552,0.1434288688679849,-0.17276897688068424,0.00948050076456001,0.0800744043711773,-0.16224084392823399,-0.005081414097249378,-0.18521886851833289,0.2179130244328341,-0.16730737202283036,0.009844968867797593,0.10892660915851593,0.1037135198712349,0.09788152575492859,-0.1627625823020935,0.034622229635715485,0.03218512237071991,-0.22125500440597534,-0.03017573058605194,-0.18105123937129974,0.26030153036117554,-0.1397644579410553,0.001705795293673873
-0.07076418604749243,0.07186495427393824,-0.582538646236425,0.09960089965782983,0.0034750198685239123,0.11387757310680317,-0.15609784344539074,-0.02276722101845785,0.07598823313875358,-0.20967036028721636,-0.001008308162682443,-0.19180794402670862,0.2458393027381256,-0.14629180397368255,0.008684065951781538,0.14131605625152588,0.094881571829319,0.08587939292192459,-0.11600365489721298,0.02948092669248581,0.05526435375213623,-0.2535948157310486,-0.01843421161174774,-0.16525602340698242,0.29613494873046875,-0.15906113386154175,-0.010309234261512756
-0.06726084983281047,0.05262845075271599,-0.5501482145636544,0.13143183046927673,0.002353924773674203,0.0819778210411869,-0.12708501786171636,-0.061291576675082234,0.06985781292425382,-0.2488355880013442,-0.0041102468544018025,-0.17483426803772725,0.2741767996433952,-0.14938126276099672,0.0036744365912068392,0.1209077537059784,0.08207598328590393,0.08763622492551804,-0.09577226638793945,0.01270458847284317,0.013586090877652168,-0.23878955841064453,-0.006861698813736439,-0.149635449051857,0.30257534980773926,-0.12633448839187622,-0.0100946594029665
-0.05983882525218501,0.032951391677705694,-0.5166748921638309,0.15799097857457028,0.003501100127369254,0.05065212729182811,-0.09201809631700611,-0.10132912175571124,0.060355157721996566,-0.27282127022886077,-0.006530126797003919,-0.15464130881739113,0.2755267255182561,-0.13187763032022712,-0.0002376103838667583,0.12325817346572876,0.0747121050953865,0.06235849857330322,-0.09037930518388748,-0.000264093279838562,0.01827237196266651,-0.19976331293582916,0.009709483943879604,-0.12282723933458328,0.32169562578201294,-0.12591204047203064,-0.02373935841023922
-0.048703843137851824,0.013618475992875667,-0.4818217668587408,0.19098630285781698,0.002859306421283579,0.01970177611868945,-0.0697823548317025,-0.13469320400557255,0.04464554087531053,-0.2758106126256378,-0.0094306504988844,-0.12743284030910682,0.2708654310169908,-0.12641212589539116,-0.007475076826764083,0.13291209936141968,0.05239548534154892,0.06963815540075302,-0.10376063734292984,0.0010684505105018616,0.033226191997528076,-0.19295237958431244,0.019588980823755264,-0.10932430624961853,0.27421829104423523,-0.08496887236833572,-0.0362774021923542
-0.028604509180653506,0.0031997133115523498,-0.4532483465356489,0.21774376358551661,-0.0015693255811091993,-0.0032000977367071465,-0.06784237761285407,-0.15096481634746098,0.027960481691149633,-0.26911044126855277,-0.01167558644892776,-0.10241774758601853,0.24102112868105552,-0.09697410499425305,-0.016854244714448234,0.10696309804916382,0.05300077050924301,0.06279058754444122,-0.1345580667257309,-0.04556174576282501,0.007790157571434975,-0.11813031136989594,0.01884947344660759,-0.0869104191660881,0.2087041586637497,-0.05101030319929123,-0.048839617520570755
-0.008732826299880335,0.01317579648538419,-0.4328437123151163,0.2351383034816043,0.0028898516810363746,-0.018357285313013068,-0.08073398782505208,-0.1627512205943174,0.005125392652222501,-0.2488489476505033,-0.006699217579170032,-0.1001677307749832,0.1908930127087291,-0.04008991556030561,-0.03472465107814421,0.12237894535064697,0.02678285911679268,0.07045281678438187,-0.15442150831222534,-0.05360593646764755,0.010120587423443794,-0.1011839210987091,0.02237796038389206,-0.068431057035923,0.09232013672590256,-0.025931349024176598,-0.08880311250686646
-0.0030917142893925214,0.031056563588627264,-0.4260648971571879,0.24916265502805662,0.02296674351567314,-0.01125220949186011,-0.10663701626654183,-0.16443653487662713,-0.01638870687252344,-0.22350090316774213,0.009121594377000018,-0.11351015360316767,0.13987442429683544,0.030301029787932813,-0.05419000195547297,0.08863517642021179,0.02287215366959572,0.06506048142910004,-0.1875157654285431,-0.09754401445388794,-0.023814329877495766,-0.027189377695322037,-0.0018358053639531136,-0.044144172221422195,-0.009517661295831203,0.02287810854613781,-0.127292662858963
-0.008582577384216656,0.06221934234683853,-0.41838898635476135,0.23605441109967928,0.05245637226970697,0.015501236587280165,-0.12934258533757656,-0.14489605661528543,-0.03303581445501655,-0.18127624768996,0.037100230441811925,-0.13031053736021805,0.05501527154949743,0.05724139623284609,-0.07177338871693638,0.06269586086273193,-0.001354825682938099,0.09349993616342545,-0.11896635591983795,-0.1341966837644577,0.022341540083289146,0.007717696018517017,-0.02935129404067993,-0.007711261976510286,-0.1033521518111229,0.06229901313781738,-0.19147008657455444
-0.006701345412023141,0.08872065539330508,-0.41121324142898147,0.18057863298605767,0.0544727711916519,0.06942579321033567,-0.10182956031999224,-0.12715812265003565,-0.012831828489475635,-0.12874402435687118,0.05165302271461328,-0.13508487501749708,-0.047222166624234334,0.07697841446246197,-0.08156256439515434,-0.031395334750413895,0.022845415398478508,0.09048695117235184,-0.005753553472459316,-0.17885822057724,0.03461868315935135,0.06979556381702423,-0.0712679848074913,-0.003959691617637873,-0.14451825618743896,0.09595376253128052,-0.20246893167495728
0.008388966088558866,0.10278078609123002,-0.40672989864479514,0.09442409118895125,0.023010182952239305,0.08978673102344752,-0.005945390992428691,-0.14940245831945295,0.00117286699639854,-0.07013741094861653,0.04404630463505873,-0.12959965576750582,-0.1301861473685011,0.08892791019957465,-0.08125746170282803,-0.08797353506088257,0.008665653876960278,0.10815928131341934,0.11310223489999771,-0.17359915375709534,0.06169406324625015,0.06796379387378693,-0.06799230724573135,-0.039699990302324295,-0.17673568427562714,0.07992718368768692,-0.169193297624588
0.02894321829652958,0.10566648672004851,-0.41100050992345283,0.0029047699848714316,-0.014202172537834522,0.1118296613786867,0.10241241154781536,-0.15950168036246098,0.0176647180024661,-0.021263956800093246,0.027401675639098108,-0.11573563047016572,-0.17230084120230638,0.08317925658348477,-0.07754894172640663,-0.1422223448753357,-0.0018696533516049385,0.14016051590442657,0.17123505473136902,-0.15013864636421204,0.06668626517057419,0.08261507749557495,-0.09255926311016083,-0.019312659278512,-0.1708012819290161,0.10464876145124435,-0.13402418792247772
0.048156683033819085,0.09674314483060095,-0.4368611306023546,-0.07027251400307594,-0.03984959572451426,0.14562488293080778,0.17083350659451538,-0.1479752543649747,0.030161948561522246,0.01401869594336371,0.012605422549660098,-0.08470936254367348,-0.18210649800021741,0.06593495712395078,-0.0718407136919767,-0.17143163084983826,-0.010933120734989643,0.15133033692836761,0.23063242435455322,-0.1427144706249237,0.07231014966964722,0.08076119422912598,-0.10415801405906677,-0.027165072038769722,-0.1671232432126999,0.07927791774272919,-0.09883621335029602
0.0575440929532377,0.08549608537632218,-0.4674263841017014,-0.13517799892831198,-0.04955436182186966,0.15979726439299752,0.22031408391120785,-0.139051809786878,0.04068834247851258,0.04586279738818579,0.00471247016158642,-0.05226025241788761,-0.17278583974328626,0.038858218390780255,-0.06703756011786378,-0.2050360143184662,-0.016763053834438324,0.15396304428577423,0.2790652811527252,-0.1321420818567276,0.07369301468133926,0.07879692316055298,-0.0915898010134697,-0.014331365935504436,-0.12085354328155518,0.061795808374881744,-0.03586838021874428
0.060526227750038845,0.06944400967772497,-0.5005479559137098,-0.19244467317326452,-0.04514118373555404,0.16232391447092573,0.2596865074699287,-0.13061752149371528,0.04897211647083027,0.06816878827825175,0.0011768105989077063,-0.019558071262946935,-0.13522837796954174,-0.0018005601152515944,-0.06092503797567445,-0.1965317726135254,-0.0225981455296278,0.13811363279819489,0.3012271821498871,-0.1219637468457222,0.0696171373128891,0.07739073038101196,-0.09849630296230316,-0.004896136466413736,-0.06786256283521652,0.04149128496646881,-0.010776521638035774
0.05853112832173394,0.04230855694049045,-0.535793088764695,-0.22073488903512511,-0.03876589028830646,0.14769755278491362,0.2736440318987099,-0.12162609448645531,0.054094976632552264,0.0948021408786737,-0.0021161296183925707,0.014198631540226265,-0.08081377906791,-0.05333329077005649,-0.053887305424459825,-0.19780248403549194,-0.029140546917915344,0.12660156190395355,0.3024479150772095,-0.109486423432827,0.08012717962265015,0.0602179691195488,-0.08209605515003204,0.0014447917928919196,-0.028178919106721878,0.03095671720802784,0.03337053582072258
0.051465506077209434,0.020602414624092912,-0.5682465999752444,-0.2427053805036648,-0.0268036379836873,0.1287731506501336,0.2713022341549382,-0.11034725283794981,0.061643970274161346,0.11268722823052457,-0.002089251908601005,0.04515184050651802,-0.028562335918328803,-0.10010215362242844,-0.043094691132613154,-0.15271112322807312,-0.0317198745906353,0.11223137378692627,0.285109281539917,-0.10591035336256027,0.08005417883396149,0.038507357239723206,-0.08799515664577484,0.018875977024435997,-0.03288713097572327,0.02257353998720646,0.027320949360728264
0.037258310254386626,0.008825755879170482,-0.6013250048437053,-0.24366774958743193,-0.014154485252022583,0.1111939602362367,0.2391021290765726,-0.10530523435383242,0.06731948292074603,0.1313985298911581,-0.0014402587647906534,0.07738728420886078,-0.0013968362371496446,-0.1333382189098843,-0.026761940028149273,-0.13479462265968323,-0.03845028579235077,0.08971939235925674,0.22545114159584045,-0.08554373681545258,0.08083446323871613,0.02619541436433792,-0.06473411619663239,0.002541323658078909,-0.05611098185181618,-0.004663208499550819,0.035868484526872635
0.016855633131992252,0.012645749005929841,-0.6213423256432999,-0.2449057473673974,-0.0074154148624538275,0.09103577077876605,0.19715636382967358,-0.07437431572724189,0.06857346880845366,0.14451977795974735,-0.0020211510688363165,0.09058904770517698,-0.005848037200439547,-0.1506364466347356,-0.006500704506520235,-0.08658097684383392,-0.01561467070132494,0.06216617673635483,0.12816248834133148,-0.06861834973096848,0.07043764740228653,0.015756040811538696,-0.06245969608426094,0.024472087621688843,-0.09724097698926926,-0.0419621616601944,0.03767777234315872
0.0057730695278534515,0.028218383408254544,-0.633533014965579,-0.22080030878538612,-0.012218986488298484,0.10812132885128738,0.1554911021815634,-0.016154284830697346,0.05308851927959482,0.15878847003429875,-0.020085627822306516,0.098818689222096,-0.030525637179054325,-0.15242826901436377,0.02048200630513833,-0.06963233649730682,0.01023864559829235,0.06909547001123428,0.03235962986946106,-0.029740450903773308,0.11705253273248672,0.028655648231506348,-0.03479402884840965,-0.014890882186591625,-0.12616483867168427,-0.08605529367923737,0.008746592327952385
-0.0005101825676341874,0.05592662326064022,-0.6441390546853178,-0.19565868155752367,-0.028912587562966476,0.1247463371277344,0.0892165286942312,0.033437607529027545,0.07114861135492494,0.1512782801907828,-0.049840492134357754,0.05650937251596858,-0.07235924060605578,-0.1351679338739875,0.031343106660795955,-0.0013844389468431473,0.06482654064893723,0.05048377066850662,-0.0987045019865036,0.009663205593824387,0.09842996299266815,0.011539044789969921,-0.035631824284791946,-0.039017580449581146,-0.08228887617588043,-0.11122853308916092,-0.024285828694701195
-0.004387408022847533,0.07040167705159926,-0.6771044852704259,-0.12624557463768507,-0.040339093597071975,0.15882161403693174,-0.0036295783088491403,0.047271258221947624,0.09118666425291043,0.11407537458267247,-0.07365672259568617,-0.008615095273336829,-0.062263599286817045,-0.10924710539855464,0.011592154804395762,0.04633922874927521,0.0871908888220787,0.050824038684368134,-0.14135633409023285,0.044400252401828766,0.12654472887516022,-0.03886813670396805,-0.04439240321516991,-0.08595787733793259,-0.013230937533080578,-0.17716065049171448,0.024730240926146507
-0.021814299787615378,0.07915132182840723,-0.703534333428136,-0.058728454742421714,-0.033521064406231746,0.17373655391432233,-0.08478590623207179,0.051404285999567506,0.0950732632050825,0.05694269727133999,-0.06064809178276326,-0.07035659403205753,-0.011402688309594147,-0.14045439555282568,0.014100504329060053,0.10609755665063858,0.05094361677765846,0.09068240225315094,-0.13894285261631012,0.056059084832668304,0.08687471598386765,-0.14926433563232422,-0.04261033609509468,-0.1391652673482895,0.07535285502672195,-0.1571480929851532,0.009211983531713486
-0.04684756997180484,0.08839669477474053,-0.7169109143265762,-0.008731913830168744,-0.017592729170768383,0.17763035709800049,-0.14108904595964455,0.04796073468769439,0.09326762947108204,-0.032569070708010406,-0.03535933955583931,-0.12747516687658178,0.07911373007437199,-0.1469276252559811,0.012501222114531883,0.09534800052642822,0.08807093650102615,0.09028103947639465,-0.16643820703029633,0.051945120096206665,0.07704467326402664,-0.16459612548351288,-0.055709756910800934,-0.15737958252429962,0.15353861451148987,-0.16423624753952026,0.010880215093493462
-0.06454880005265232,0.08634168063071218,-0.7094758556072325,0.03170288936554218,-0.0052514055683454165,0.16211589473186716,-0.16301873236163075,0.032074136563705086,0.09103135622056714,-0.10175303900182393,-0.01415814646531873,-0.16523640439099363,0.14780485542199187,-0.15395366037517422,0.013518208471571347,0.1426878273487091,0.08833616226911545,0.09696682542562485,-0.1488679200410843,0.05935760587453842,0.07367569953203201,-0.2366115003824234,-0.031339097768068314,-0.18194884061813354,0.21173332631587982,-0.16981080174446106,0.0025706866290420294
-0.07233995742096636,0.07780677128834049,-0.6879676157052654,0.06971797401594552,-0.0013552374600942544,0.13988875071243353,-0.16598810056107802,0.008265325659942677,0.08861502081134233,-0.1658267304434994,-0.006953359651716842,-0.18341040241039352,0.21076695399068998,-0.15850801892333938,0.010870291692389488,0.11446772515773773,0.09308554232120514,0.09825292229652405,-0.14975346624851227,0.03293866664171219,0.0347379595041275,-0.23155827820301056,-0.028454311192035675,-0.1821473240852356,0.26871660351753235,-0.14383044838905334,-0.004727279767394066
-0.07571136968848256,0.06259117420712715,-0.6591384008564003,0.10174315814699758,0.0019030787758550843,0.11109402780336763,-0.14752179882867017,-0.025148414465170542,0.08324908353702151,-0.21699912284722603,-0.005151762875121387,-0.1897949905459139,0.25044664567346164,-0.1456939548447044,0.007265137963666365,0.13221263885498047,0.10002568364143372,0.08758680522441864,-0.1106380969285965,0.03345244377851486,0.049440979957580566,-0.24540047347545624,-0.022309336811304092,-0.16252030432224274,0.2916988432407379,-0.14640995860099792,-0.00610780343413353
-0.07318717378456012,0.04360102633050733,-0.6256101837818181,0.13310417387856965,0.0033325927680654447,0.07852974984918738,-0.11734198233611927,-0.06360636729621609,0.07515667380917072,-0.2501676062877356,-0.005196785913995131,-0.17382157960569172,0.2708470994491241,-0.14164328666730236,0.004099498564913541,0.12747535109519958,0.08151720464229584,0.08200113475322723,-0.08905411511659622,0.014941208064556122,0.024377034977078438,-0.23782621324062347,-0.01032267976552248,-0.14322008192539215,0.31174641847610474,-0.1343034952878952,-0.013054465875029564
-0.0652607166052437,0.02458946688786085,-0.5908796614237817,0.16217854886494829,0.0023553882324753414,0.04686102108321896,-0.0857822374267843,-0.10201592933757449,0.0644794597955086,-0.2732061572105563,-0.00910102520354631,-0.14995682908853403,0.2799735668646643,-0.134142471068942,-0.0007537749476923993,0.11884646117687225,0.06562016159296036,0.07215210795402527,-0.08752153813838959,-0.0030226930975914,0.006044941022992134,-0.20137473940849304,0.008079512976109982,-0.12319280952215195,0.3159444034099579,-0.11741098761558533,-0.024814777076244354
-0.05134714588373558,0.006193089585345014,-0.5599040291870665,0.19183231609370838,0.0013944281474131193,0.017964406373582098,-0.0634533316399183,-0.13436977344972856,0.04801191650023081,-0.2767147034097603,-0.01183470396712186,-0.12457743792873363,0.2709414812201237,-0.12183022096873505,-0.008251751101098222,0.12740230560302734,0.060559213161468506,0.06382095068693161,-0.09753697365522385,-0.004030555486679077,0.02518882043659687,-0.17822962999343872,0.011825121007859707,-0.10526882857084274,0.27791258692741394,-0.0859946459531784,-0.0319683738052845
-0.03171737481206467,-0.0005071598605978783,-0.530923262437994,0.216232654644765,-0.0014001634364779,-0.004192413965885541,-0.05964933077003703,-0.15215152172655516,0.03131136642948872,-0.26487720830109573,-0.013689681295605402,-0.10195669882596363,0.2383153849626988,-0.09681082004812858,-0.01583273769532497,0.1041446328163147,0.05031731352210045,0.06472133100032806,-0.13679349422454834,-0.05355500429868698,-0.0033899452537298203,-0.12175324559211731,0.019192758947610855,-0.08623393625020981,0.19822634756565094,-0.04601036757230759,-0.04386098310351372
-0.008362941962841163,0.008278691274587692,-0.5097811937756048,0.2290814713837735,0.003404555948422288,-0.016125232050464,-0.07498315766171101,-0.16216999088314257,0.0037943148760103936,-0.2441747251902313,-0.011164718227436735,-0.0979350821370214,0.18729123052476207,-0.03577305801166808,-0.030219400914216262,0.11753688752651215,0.02817569486796856,0.06921645998954773,-0.15042953193187714,-0.058226410299539566,-0.007210602983832359,-0.09128355979919434,0.017349623143672943,-0.06524426490068436,0.09231746196746826,-0.01713390089571476,-0.08651358634233475
-0.0009476688224197997,0.02571306395182414,-0.5029135721000552,0.24286759522768436,0.02479890502586277,-0.006092843540981946,-0.10160513948627305,-0.15976318641743478,-0.019495166574556667,-0.21639924595371135,0.004069649050688122,-0.11162521418635613,0.13606245089675045,0.036547749942040464,-0.05040887127832762,0.09402498602867126,0.019754484295845032,0.06433596462011337,-0.18356923758983612,-0.09035637229681015,-0.019723927602171898,-0.029899485409259796,-0.007600395940244198,-0.037711113691329956,-0.009721263311803341,0.02241251803934574,-0.13355973362922668
-0.004542225870106074,0.05272226632591033,-0.4959272041288114,0.23273437722378384,0.05287495060306198,0.020288744260177804,-0.12804089187490023,-0.1387011492898304,-0.03126616814276346,-0.17410909980601272,0.03140651996717664,-0.12789333512206147,0.05836551759492729,0.05524404237951826,-0.07021681279322099,0.05068320035934448,-0.006247528828680515,0.08590927720069885,-0.11796093732118607,-0.15648967027664185,-0.01262333057820797,0.019565321505069733,-0.033251021057367325,-0.0009809999028220773,-0.11039380729198456,0.06754178553819656,-0.194271057844162
-0.003058855903403086,0.08112963403102788,-0.48695026794070617,0.1741844122566486,0.05541312611281345,0.06541706945497598,-0.09896861427989403,-0.13521007075652394,-0.02307585285801181,-0.11939775030303337,0.04794924917871486,-0.13384229119049973,-0.04914481887434314,0.07800745452479188,-0.08113807507335918,-0.03975203260779381,0.020568132400512695,0.08840407431125641,0.02665375918149948,-0.17678523063659668,0.041800402104854584,0.06996361166238785,-0.07104533910751343,-0.006925749126821756,-0.14445768296718597,0.0972035825252533,-0.19781047105789185
0.013882017282626996,0.09454803422570204,-0.48463695929212064,0.07849149728602814,0.022362463940135253,0.08714733274463993,0.013739622962411414,-0.15349085720105005,-0.003897308209033596,-0.0630897084088527,0.04015778291600917,-0.12704873777024187,-0.13069191049920034,0.09110300832914305,-0.08140802124643211,-0.09399374574422836,0.0110287731513381,0.10621911287307739,0.11023887991905212,-0.16758641600608826,0.050258807837963104,0.06530829519033432,-0.07130603492259979,-0.0359802320599556,-0.18153426051139832,0.08462239056825638,-0.15778915584087372
0.03649164122502544,0.09446528788218542,-0.49598376140153877,-0.0060174079989611705,-0.017017527734273133,0.11086980465064145,0.10825318663442349,-0.15629018176686907,0.010460802830116167,-0.015510970430563997,0.023625309675873257,-0.10788723335325913,-0.17322443163283352,0.08685462195047124,-0.07818926948389507,-0.14632664620876312,-0.0030528241768479347,0.14130793511867523,0.18904785811901093,-0.15181776881217957,0.07508119195699692,0.08001671731472015,-0.08881309628486633,-0.023259656503796577,-0.165334090590477,0.10038087517023087,-0.12467235326766968
0.05342526478542871,0.09037394808392409,-0.5202537931282006,-0.08243771044740895,-0.03981614287939774,0.14526680333920478,0.1815136445529148,-0.1486351020518756,0.0275346894219739,0.0165556558628533,0.01038034834039927,-0.078452051263525,-0.17874081564525027,0.06724874370852635,-0.07350763603019891,-0.17469333112239838,-0.011050582863390446,0.152282252907753,0.2412864714860916,-0.13698962330818176,0.06744617223739624,0.07202816009521484,-0.10326569527387619,-0.02669653855264187,-0.1627727597951889,0.07902354747056961,-0.08555525541305542
0.06288930269859395,0.07826854499151245,-0.5499485836232197,-0.1449307437182759,-0.04819859900350459,0.16053459784051524,0.2296972868804432,-0.13596677679929978,0.037403577743327254,0.04676155262672064,0.003303263939257429,-0.0475931047533975,-0.1648119303377615,0.03758872193784254,-0.06920338770945025,-0.20573577284812927,-0.015013896860182285,0.15109169483184814,0.2791799306869507,-0.12841320037841797,0.07097437232732773,0.07968055456876755,-0.09176643937826157,-0.013760636560618877,-0.11333709210157394,0.05775704234838486,-0.03450797125697136
